-- phpMyAdmin SQL Dump
-- version 4.9.11
-- https://www.phpmyadmin.net/
--
-- Host: localhost:3306
-- Generation Time: Feb 28, 2023 at 09:21 PM
-- Server version: 10.3.38-MariaDB
-- PHP Version: 7.4.33

SET SQL_MODE = "NO_AUTO_VALUE_ON_ZERO";
SET AUTOCOMMIT = 0;
START TRANSACTION;
SET time_zone = "+00:00";


/*!40101 SET @OLD_CHARACTER_SET_CLIENT=@@CHARACTER_SET_CLIENT */;
/*!40101 SET @OLD_CHARACTER_SET_RESULTS=@@CHARACTER_SET_RESULTS */;
/*!40101 SET @OLD_COLLATION_CONNECTION=@@COLLATION_CONNECTION */;
/*!40101 SET NAMES utf8mb4 */;

--
-- Database: `abulhoss_ecommerce`
--

-- --------------------------------------------------------

--
-- Table structure for table `admins`
--

CREATE TABLE `admins` (
  `id` bigint(20) UNSIGNED NOT NULL,
  `name` varchar(255) NOT NULL,
  `email` varchar(255) NOT NULL,
  `email_verified_at` timestamp NULL DEFAULT NULL,
  `password` varchar(255) NOT NULL,
  `remember_token` varchar(100) DEFAULT NULL,
  `product` varchar(255) DEFAULT NULL,
  `category` varchar(255) DEFAULT NULL,
  `coupon` varchar(255) DEFAULT NULL,
  `division` varchar(255) DEFAULT NULL,
  `orders` varchar(255) DEFAULT NULL,
  `seo` varchar(255) DEFAULT NULL,
  `reports` varchar(255) DEFAULT NULL,
  `site_setting` varchar(255) DEFAULT NULL,
  `setting` varchar(255) DEFAULT NULL,
  `post` varchar(255) DEFAULT NULL,
  `stock` varchar(255) DEFAULT NULL,
  `return_order` varchar(255) DEFAULT NULL,
  `contact_message` varchar(255) DEFAULT NULL,
  `product_comment` varchar(255) DEFAULT NULL,
  `type` int(11) DEFAULT NULL,
  `created_at` timestamp NULL DEFAULT NULL,
  `updated_at` timestamp NULL DEFAULT NULL
) ENGINE=InnoDB DEFAULT CHARSET=utf8mb4 COLLATE=utf8mb4_unicode_ci;

--
-- Dumping data for table `admins`
--

INSERT INTO `admins` (`id`, `name`, `email`, `email_verified_at`, `password`, `remember_token`, `product`, `category`, `coupon`, `division`, `orders`, `seo`, `reports`, `site_setting`, `setting`, `post`, `stock`, `return_order`, `contact_message`, `product_comment`, `type`, `created_at`, `updated_at`) VALUES
(1, 'Dr. Ezequiel Jacobi', 'sohel@gmail.com', '2023-02-25 14:11:58', '$2y$10$92IXUNpkjO0rOQ5byMi.Ye4oKoEa3Ro9llC/.og/at2.uheWG/igi', 'iAqW8RHR4JO4dHN9W5oTi0pMLbAOnkgP3zktOHBf0IwOCuhSNwOaAMT8zdti', NULL, NULL, NULL, NULL, NULL, NULL, NULL, NULL, NULL, NULL, NULL, NULL, NULL, NULL, NULL, '2023-02-25 14:11:58', '2023-02-25 14:11:58');

-- --------------------------------------------------------

--
-- Table structure for table `areas`
--

CREATE TABLE `areas` (
  `id` bigint(20) UNSIGNED NOT NULL,
  `district_id` int(11) NOT NULL,
  `area` varchar(255) NOT NULL,
  `created_at` timestamp NULL DEFAULT NULL,
  `updated_at` timestamp NULL DEFAULT NULL
) ENGINE=InnoDB DEFAULT CHARSET=utf8mb4 COLLATE=utf8mb4_unicode_ci;

--
-- Dumping data for table `areas`
--

INSERT INTO `areas` (`id`, `district_id`, `area`, `created_at`, `updated_at`) VALUES
(7, 8, 'Ramna', '2023-02-25 09:24:03', '2023-02-25 09:24:03'),
(8, 8, 'Motijheel', '2023-02-25 09:24:25', '2023-02-25 09:24:25'),
(9, 8, 'Kotwali', '2023-02-25 09:24:55', '2023-02-25 09:24:55'),
(10, 8, 'Dhanmondi', '2023-02-25 09:25:11', '2023-02-25 09:25:11'),
(11, 8, 'Mohammadpur', '2023-02-25 09:25:26', '2023-02-25 09:25:26'),
(12, 8, 'Sutrapur', '2023-02-25 09:25:43', '2023-02-25 09:25:43'),
(13, 8, 'Tejgaon', '2023-02-25 09:26:05', '2023-02-25 09:26:05'),
(14, 8, 'Gulshan', '2023-02-25 09:26:43', '2023-02-25 09:26:43'),
(15, 8, 'Lalbagh', '2023-02-25 09:26:58', '2023-02-25 09:26:58'),
(16, 8, 'Mirpur', '2023-02-25 09:27:12', '2023-02-25 09:27:12'),
(17, 8, 'Pallabi', '2023-02-25 09:27:26', '2023-02-25 09:27:26'),
(18, 8, 'Sabujbag', '2023-02-25 09:27:39', '2023-02-25 09:27:39'),
(19, 8, 'Cantonment', '2023-02-25 09:28:49', '2023-02-25 09:28:49'),
(20, 8, 'Demra', '2023-02-25 09:29:04', '2023-02-25 09:29:04'),
(21, 8, 'Hazaribagh', '2023-02-25 09:29:57', '2023-02-25 09:29:57'),
(22, 8, 'Shyampur', '2023-02-25 09:30:13', '2023-02-25 09:30:13'),
(23, 8, 'Badda', '2023-02-25 09:31:10', '2023-02-25 09:31:10'),
(24, 8, 'Kafrul', '2023-02-25 09:31:41', '2023-02-25 09:31:41'),
(25, 8, 'Khilgaon', '2023-02-25 09:31:54', '2023-02-25 09:31:54'),
(26, 8, 'Uttara', '2023-02-25 09:32:12', '2023-02-25 09:32:12'),
(27, 8, 'Shah Ali', '2023-02-25 09:32:49', '2023-02-25 09:32:49'),
(28, 8, 'Biman Bandar', '2023-02-25 09:33:20', '2023-02-25 09:33:20'),
(29, 8, 'Paltan', '2023-02-25 09:33:36', '2023-02-25 09:33:36'),
(30, 8, 'Adabar', '2023-02-25 09:33:54', '2023-02-25 09:33:54'),
(31, 8, 'Darus Salam', '2023-02-25 09:34:11', '2023-02-25 09:34:11'),
(32, 8, 'Uttarkhan', '2023-02-25 09:34:26', '2023-02-25 09:34:26'),
(33, 8, 'Kamrangirchar', '2023-02-25 09:34:41', '2023-02-25 09:34:41'),
(34, 8, 'Kadamtoli', '2023-02-25 09:34:54', '2023-02-25 09:34:54'),
(35, 8, 'Gendaria', '2023-02-25 09:35:08', '2023-02-25 09:35:08'),
(36, 8, 'Chalkbazar', '2023-02-25 09:35:21', '2023-02-25 09:35:21'),
(37, 8, 'Tejgaon Industrial', '2023-02-25 09:35:50', '2023-02-25 09:35:50'),
(38, 8, 'Turag Thana', '2023-02-25 09:36:12', '2023-02-25 09:36:12'),
(39, 8, 'Dakhinkhan', '2023-02-25 09:36:31', '2023-02-25 09:36:31'),
(40, 8, 'Bangshal', '2023-02-25 09:36:46', '2023-02-25 09:36:46'),
(41, 8, 'Bhashantek', '2023-02-25 09:37:08', '2023-02-25 09:37:08'),
(42, 8, 'Bhatara', '2023-02-25 09:37:39', '2023-02-25 09:37:39'),
(43, 8, 'Jatrabari', '2023-02-25 09:37:53', '2023-02-25 09:37:53'),
(44, 8, 'Rampura', '2023-02-25 09:38:07', '2023-02-25 09:38:07'),
(45, 8, 'Rupnagar', '2023-02-25 09:38:26', '2023-02-25 09:38:26'),
(46, 8, 'Sherebangla', '2023-02-25 09:38:44', '2023-02-25 09:38:44'),
(47, 8, 'Shahjahanpur', '2023-02-25 09:38:59', '2023-02-25 09:38:59'),
(48, 8, 'Dohar', '2023-02-25 09:39:53', '2023-02-25 09:40:49'),
(49, 8, 'Keraniganj', '2023-02-25 09:40:08', '2023-02-25 09:40:40'),
(50, 8, 'Dhamrai', '2023-02-25 09:40:30', '2023-02-25 09:40:30'),
(51, 8, 'Nawabganj', '2023-02-25 09:41:02', '2023-02-25 09:41:02'),
(52, 8, 'Savar', '2023-02-25 09:41:17', '2023-02-25 09:41:17'),
(53, 17, 'Anwara', '2023-02-25 09:43:09', '2023-02-25 09:43:09'),
(54, 17, 'Banshkhali', '2023-02-25 09:43:58', '2023-02-25 09:43:58'),
(55, 17, 'Boalkhali', '2023-02-25 09:44:20', '2023-02-25 09:44:20'),
(56, 17, 'Chandanaish', '2023-02-25 09:44:39', '2023-02-25 09:44:39'),
(57, 17, 'Fatikchhari', '2023-02-25 09:44:56', '2023-02-25 09:44:56'),
(58, 17, 'Hathazari', '2023-02-25 09:45:09', '2023-02-25 09:45:09'),
(59, 17, 'Lohagara', '2023-02-25 09:45:25', '2023-02-25 09:45:25'),
(60, 17, 'Mirsharai', '2023-02-25 09:45:51', '2023-02-25 09:45:51'),
(61, 17, 'Patiya', '2023-02-25 09:46:27', '2023-02-25 09:46:27'),
(62, 17, 'Rangunia', '2023-02-25 09:46:45', '2023-02-25 09:46:45'),
(63, 17, 'Raozan', '2023-02-25 09:47:04', '2023-02-25 09:47:04'),
(64, 17, 'Sandwip', '2023-02-25 09:47:27', '2023-02-25 09:47:27'),
(65, 17, 'Satkania', '2023-02-25 09:47:43', '2023-02-25 09:47:43'),
(66, 17, 'Sitakunda', '2023-02-25 09:48:00', '2023-02-25 09:48:00'),
(67, 17, 'Karnaphuli', '2023-02-25 09:48:15', '2023-02-25 09:48:15'),
(68, 33, 'Balaganj', '2023-02-25 09:49:28', '2023-02-25 09:49:28'),
(69, 33, 'Beanibazar', '2023-02-25 09:51:41', '2023-02-25 09:51:41'),
(70, 33, 'Bishwanath', '2023-02-25 09:52:10', '2023-02-25 09:52:10'),
(71, 33, 'Companiganj', '2023-02-25 09:52:30', '2023-02-25 09:52:30'),
(72, 33, 'Fenchuganj', '2023-02-25 09:52:56', '2023-02-25 09:52:56'),
(73, 33, 'Golapganj', '2023-02-25 09:53:12', '2023-02-25 09:53:12'),
(74, 33, 'Gowainghat', '2023-02-25 09:53:26', '2023-02-25 09:53:26'),
(75, 33, 'Jaintiapur', '2023-02-25 09:53:44', '2023-02-25 09:53:44'),
(76, 33, 'Kanaighat', '2023-02-25 09:54:05', '2023-02-25 09:54:05'),
(77, 33, 'Sylhetsadar', '2023-02-25 09:54:21', '2023-02-25 09:54:21'),
(78, 33, 'Zakiganj', '2023-02-25 09:54:40', '2023-02-25 09:54:40'),
(79, 33, 'Dakshinsurma', '2023-02-25 09:54:57', '2023-02-25 09:54:57'),
(80, 33, 'Osmaninagar', '2023-02-25 09:55:14', '2023-02-25 09:55:14'),
(81, 41, 'Bagmara', '2023-02-25 09:58:21', '2023-02-25 09:58:21'),
(82, 41, 'Paba', '2023-02-25 09:58:53', '2023-02-25 09:58:53'),
(83, 41, 'Charghat', '2023-02-25 09:59:14', '2023-02-25 09:59:14'),
(84, 41, 'Durgapur', '2023-02-25 10:00:02', '2023-02-25 10:00:02'),
(85, 41, 'Godagari', '2023-02-25 10:01:21', '2023-02-25 10:01:21'),
(86, 41, 'Mohanpur', '2023-02-25 10:01:58', '2023-02-25 10:01:58'),
(87, 41, 'Bagha', '2023-02-25 10:02:17', '2023-02-25 10:02:17'),
(88, 41, 'Puthia', '2023-02-25 10:02:32', '2023-02-25 10:02:32'),
(89, 41, 'Tanore', '2023-02-25 10:02:50', '2023-02-25 10:02:50'),
(90, 41, 'Rajpara', '2023-02-25 10:43:05', '2023-02-25 10:43:05'),
(91, 41, 'Boalia', '2023-02-25 10:43:34', '2023-02-25 10:43:34'),
(92, 41, 'Shah Mokhdum', '2023-02-25 10:43:52', '2023-02-25 10:43:52'),
(93, 41, 'Motihar', '2023-02-25 10:44:12', '2023-02-25 10:44:12'),
(94, 37, 'Mymensingh Sadar', '2023-02-26 02:33:40', '2023-02-26 02:33:40'),
(95, 37, 'Muktagachha', '2023-02-26 02:34:15', '2023-02-26 02:34:15'),
(96, 37, 'Valuka', '2023-02-26 02:34:34', '2023-02-26 02:34:34'),
(97, 37, 'Haluaghat', '2023-02-26 02:34:51', '2023-02-26 02:34:51'),
(98, 37, 'Gouripur', '2023-02-26 02:35:10', '2023-02-26 02:35:10'),
(99, 37, 'Dhobaura', '2023-02-26 02:35:26', '2023-02-26 02:35:26'),
(100, 37, 'Fulbaria', '2023-02-26 02:35:43', '2023-02-26 02:35:43'),
(101, 37, 'Gafargaon', '2023-02-26 02:36:02', '2023-02-26 02:36:02'),
(102, 37, 'Trishal', '2023-02-26 02:36:28', '2023-02-26 02:36:28'),
(103, 37, 'Fulpur', '2023-02-26 02:36:59', '2023-02-26 02:36:59'),
(104, 37, 'Nandail', '2023-02-26 02:37:25', '2023-02-26 02:37:25'),
(105, 37, 'Ishwarganj', '2023-02-26 02:38:02', '2023-02-26 02:38:02'),
(106, 58, 'Rangpur Sadar', '2023-02-26 02:49:16', '2023-02-26 02:49:16'),
(107, 58, 'Gangachara', '2023-02-26 02:49:39', '2023-02-26 02:49:39'),
(108, 58, 'Badarganj', '2023-02-26 02:50:45', '2023-02-26 02:50:45'),
(109, 58, 'Kaunia', '2023-02-26 02:51:02', '2023-02-26 02:51:02'),
(110, 58, 'Pirganj', '2023-02-26 02:51:20', '2023-02-26 02:51:35'),
(111, 58, 'Mithapukur', '2023-02-26 02:52:01', '2023-02-26 02:52:30'),
(112, 58, 'Pirgacha', '2023-02-26 02:52:55', '2023-02-26 02:52:55'),
(113, 8, 'Taraganj', '2023-02-26 02:53:09', '2023-02-26 02:53:09'),
(114, 49, 'Dumuria', '2023-02-26 02:54:14', '2023-02-26 02:54:14'),
(115, 49, 'Batiaghata', '2023-02-26 02:54:31', '2023-02-26 02:54:31'),
(116, 49, 'Dacope', '2023-02-26 02:54:51', '2023-02-26 02:54:51'),
(117, 49, 'Phultala', '2023-02-26 02:55:09', '2023-02-26 02:55:09'),
(118, 49, 'Dighalia', '2023-02-26 02:55:29', '2023-02-26 02:55:29'),
(119, 49, 'Koyra', '2023-02-26 02:55:46', '2023-02-26 02:55:46'),
(120, 49, 'Terokhada', '2023-02-26 02:56:05', '2023-02-26 02:56:05'),
(121, 49, 'Rupsha', '2023-02-26 02:56:24', '2023-02-26 02:56:24'),
(122, 49, 'Paikgachha', '2023-02-26 02:56:40', '2023-02-26 02:56:40'),
(123, 49, 'Khan Jahan Ali', '2023-02-26 02:57:10', '2023-02-26 02:57:10'),
(124, 49, 'Daulatpur', '2023-02-26 02:57:26', '2023-02-26 02:57:26'),
(125, 49, 'Sonadanga', '2023-02-26 02:57:40', '2023-02-26 02:57:40'),
(126, 49, 'Khalishpur', '2023-02-26 02:58:01', '2023-02-26 02:58:01'),
(127, 66, 'Barishal Sadar', '2023-02-26 02:59:23', '2023-02-26 02:59:23'),
(128, 66, 'Banaripara', '2023-02-26 02:59:40', '2023-02-26 02:59:40'),
(129, 66, 'Bakerganj', '2023-02-26 02:59:59', '2023-02-26 02:59:59'),
(130, 66, 'Babuganj', '2023-02-26 03:00:18', '2023-02-26 03:00:18'),
(131, 66, 'Gaurnadi', '2023-02-26 03:00:34', '2023-02-26 03:00:34'),
(132, 66, 'Hizla', '2023-02-26 03:00:47', '2023-02-26 03:00:47'),
(133, 66, 'Mehendiganj', '2023-02-26 03:01:09', '2023-02-26 03:01:09'),
(134, 66, 'Agailjhara', '2023-02-26 03:01:29', '2023-02-26 03:01:29'),
(135, 66, 'Wazirpur', '2023-02-26 03:01:50', '2023-02-26 03:01:50'),
(136, 66, 'Muladi', '2023-02-26 03:02:06', '2023-02-26 03:02:06'),
(137, 66, 'Biman bandar', '2023-02-26 03:03:17', '2023-02-26 03:03:17'),
(138, 66, 'Kotowali', '2023-02-26 03:03:41', '2023-02-26 03:03:41'),
(139, 66, 'Kawnia', '2023-02-26 03:03:56', '2023-02-26 03:03:56'),
(140, 66, 'Kazirhat', '2023-02-26 03:04:29', '2023-02-26 03:04:29'),
(141, 66, 'Muladi', '2023-02-26 03:05:03', '2023-02-26 03:05:03'),
(142, 66, 'Wazirpur', '2023-02-26 03:05:34', '2023-02-26 03:05:34'),
(143, 9, 'Munshiganj Sadar', '2023-02-26 03:50:17', '2023-02-26 03:50:17'),
(144, 9, 'Sreenagar', '2023-02-26 03:50:34', '2023-02-26 03:50:34'),
(145, 9, 'Lohajang', '2023-02-26 03:51:06', '2023-02-26 03:51:06'),
(146, 9, 'Sirajdikhan', '2023-02-26 03:51:37', '2023-02-26 03:51:37'),
(147, 9, 'Gazaria', '2023-02-26 03:51:57', '2023-02-26 03:51:57'),
(148, 9, 'Tongibari', '2023-02-26 03:53:00', '2023-02-26 03:53:00'),
(149, 10, 'Gazipur Sadar', '2023-02-26 03:55:45', '2023-02-26 03:55:45'),
(150, 10, 'Kapasia', '2023-02-26 03:56:34', '2023-02-26 03:56:34'),
(151, 10, 'Tongi town', '2023-02-26 03:57:06', '2023-02-26 03:57:06'),
(152, 10, 'Sripur', '2023-02-26 03:57:28', '2023-02-26 03:57:28'),
(153, 10, 'Kaliganj', '2023-02-26 03:57:55', '2023-02-26 03:57:55'),
(154, 10, 'Kaliakior', '2023-02-26 03:58:08', '2023-02-26 03:58:08'),
(155, 11, 'Kishoreganj Sadar', '2023-02-26 03:59:12', '2023-02-26 03:59:12'),
(156, 11, 'Bhairab', '2023-02-26 03:59:34', '2023-02-26 03:59:34'),
(157, 11, 'Bajitpur', '2023-02-26 03:59:50', '2023-02-26 03:59:50'),
(158, 11, 'Kuliarchar', '2023-02-26 04:00:05', '2023-02-26 04:00:05'),
(159, 11, 'Pakundia', '2023-02-26 04:00:35', '2023-02-26 04:00:35'),
(160, 11, 'Itna', '2023-02-26 04:01:02', '2023-02-26 04:01:02'),
(161, 11, 'Karimganj', '2023-02-26 04:03:08', '2023-02-26 04:03:08'),
(162, 11, 'Katiadi', '2023-02-26 04:03:21', '2023-02-26 04:03:21'),
(163, 11, 'Austagram', '2023-02-26 04:03:39', '2023-02-26 04:03:39'),
(164, 11, 'Mithamain', '2023-02-26 04:04:53', '2023-02-26 04:04:53'),
(165, 11, 'Tarail', '2023-02-26 04:05:08', '2023-02-26 04:05:08'),
(166, 11, 'Hossainpur', '2023-02-26 04:05:59', '2023-02-26 04:05:59'),
(167, 11, 'Nikli', '2023-02-26 04:06:21', '2023-02-26 04:06:21'),
(168, 12, 'Gopalganj Sadar', '2023-02-26 04:09:38', '2023-02-26 04:09:38'),
(169, 12, 'Tungipara', '2023-02-26 04:10:01', '2023-02-26 04:10:01'),
(170, 12, 'Kotalipara', '2023-02-26 04:10:21', '2023-02-26 04:10:21'),
(171, 12, 'Kashiani', '2023-02-26 04:10:38', '2023-02-26 04:10:38'),
(172, 11, 'Muksudpur', '2023-02-26 04:11:03', '2023-02-26 04:11:03'),
(173, 13, 'Faridpur Sadar', '2023-02-26 05:08:23', '2023-02-26 05:08:23'),
(174, 13, 'Bhanga', '2023-02-26 05:08:52', '2023-02-26 05:08:52'),
(175, 13, 'Madhukhali', '2023-02-26 05:09:16', '2023-02-26 05:09:16'),
(176, 13, 'Sadarpur', '2023-02-26 05:09:36', '2023-02-26 05:09:36'),
(177, 13, 'Alfadanga', '2023-02-26 05:09:54', '2023-02-26 05:09:54'),
(178, 13, 'Boalmari', '2023-02-26 05:10:13', '2023-02-26 05:10:13'),
(179, 13, 'Charbhadrasan', '2023-02-26 05:10:31', '2023-02-26 05:10:31'),
(180, 13, 'Nagarkanda', '2023-02-26 05:10:47', '2023-02-26 05:10:47'),
(181, 13, 'Shaltha', '2023-02-26 05:11:06', '2023-02-26 05:11:06'),
(182, 14, 'Madaripur Sadar', '2023-02-26 05:12:57', '2023-02-26 05:12:57'),
(183, 14, 'Shibchar', '2023-02-26 05:13:10', '2023-02-26 05:13:10'),
(184, 14, 'Kalkini', '2023-02-26 05:13:23', '2023-02-26 05:13:23'),
(185, 14, 'Rajoir', '2023-02-26 05:13:35', '2023-02-26 05:13:35'),
(186, 15, 'Rajbari Sadar', '2023-02-26 05:14:15', '2023-02-26 05:14:15'),
(187, 15, 'Baliakandi', '2023-02-26 05:14:30', '2023-02-26 05:14:30'),
(188, 15, 'Kalukhali', '2023-02-26 05:14:46', '2023-02-26 05:14:46'),
(189, 15, 'Goalandaghat', '2023-02-26 05:14:58', '2023-02-26 05:14:58'),
(190, 15, 'Pangsha', '2023-02-26 05:15:08', '2023-02-26 05:15:08'),
(191, 16, 'Shariatpur Sadar', '2023-02-26 05:21:33', '2023-02-26 05:21:33'),
(192, 16, 'Bhedarganj', '2023-02-26 05:21:48', '2023-02-26 05:21:48'),
(193, 16, 'Damudya', '2023-02-26 05:21:59', '2023-02-26 05:21:59'),
(194, 16, 'Gosairhat', '2023-02-26 05:22:13', '2023-02-26 05:22:13'),
(195, 16, 'Naria', '2023-02-26 05:22:25', '2023-02-26 05:22:25'),
(196, 16, 'Shakhipur', '2023-02-26 05:22:42', '2023-02-26 05:22:42'),
(197, 16, 'Zanjira', '2023-02-26 05:22:55', '2023-02-26 05:22:55'),
(198, 18, 'Bandarban Sadar', '2023-02-26 05:25:01', '2023-02-26 05:25:01'),
(199, 18, 'Lama', '2023-02-26 05:25:14', '2023-02-26 05:25:14'),
(200, 18, 'Thanchi', '2023-02-26 05:25:28', '2023-02-26 05:25:28'),
(201, 18, 'Alikadam', '2023-02-26 05:25:41', '2023-02-26 05:25:41'),
(202, 18, 'Ruma', '2023-02-26 05:25:52', '2023-02-26 05:25:52'),
(203, 18, 'Naikhongchhari', '2023-02-26 05:26:05', '2023-02-26 05:26:05'),
(204, 18, 'Rowangcchari', '2023-02-26 05:26:53', '2023-02-26 05:26:53'),
(205, 20, 'Chandpur Sadar', '2023-02-26 05:28:14', '2023-02-26 05:28:14'),
(206, 20, 'Haziganj', '2023-02-26 05:28:31', '2023-02-26 05:28:31'),
(207, 20, 'Shahrasti', '2023-02-26 05:28:48', '2023-02-26 05:28:48'),
(208, 20, 'Haimchar', '2023-02-26 05:32:15', '2023-02-26 05:32:15'),
(209, 20, 'Faridganj', '2023-02-26 05:32:33', '2023-02-26 05:32:33'),
(210, 20, 'Faridganj', '2023-02-26 05:33:21', '2023-02-26 05:33:21'),
(211, 20, 'Kachua', '2023-02-26 05:34:12', '2023-02-26 05:34:12'),
(212, 20, 'Matlab Uttar', '2023-02-26 05:34:28', '2023-02-26 05:34:28'),
(213, 20, 'Matlab Dakkhin', '2023-02-26 05:34:43', '2023-02-26 05:34:43'),
(214, 19, 'Brahmanbaria(B.Baria) Sadar', '2023-02-26 05:36:14', '2023-02-26 05:36:14'),
(215, 19, 'Bijoynagar', '2023-02-26 05:36:29', '2023-02-26 05:36:29'),
(216, 19, 'Akhaura', '2023-02-26 05:36:43', '2023-02-26 05:36:43'),
(217, 19, 'Ashuganj', '2023-02-26 05:37:34', '2023-02-26 05:37:34'),
(218, 19, 'Bancharampur', '2023-02-26 05:37:46', '2023-02-26 05:37:46'),
(219, 19, 'Kasba', '2023-02-26 05:37:58', '2023-02-26 05:37:58'),
(220, 19, 'Nabinagar', '2023-02-26 05:38:11', '2023-02-26 05:38:11'),
(221, 19, 'Nasirnagar', '2023-02-26 05:38:24', '2023-02-26 05:38:24'),
(222, 19, 'Sarail', '2023-02-26 05:38:34', '2023-02-26 05:38:34'),
(223, 25, 'Cumilla Sadar South', '2023-02-26 05:40:26', '2023-02-26 05:40:26'),
(224, 25, 'Comilla Adarsa Sadar', '2023-02-26 05:40:40', '2023-02-26 05:40:40'),
(225, 25, 'Barura', '2023-02-26 05:40:53', '2023-02-26 05:40:53'),
(226, 25, 'Chandina', '2023-02-26 05:41:20', '2023-02-26 05:41:20'),
(227, 25, 'Chauddagram', '2023-02-26 05:41:35', '2023-02-26 05:41:35'),
(228, 25, 'Daudkandi', '2023-02-26 05:41:48', '2023-02-26 05:41:48'),
(229, 25, 'Brahmanpara', '2023-02-26 05:42:03', '2023-02-26 05:42:03'),
(230, 25, 'Homna', '2023-02-26 05:42:16', '2023-02-26 05:42:16'),
(231, 25, 'Monohorgonj', '2023-02-26 05:42:36', '2023-02-26 05:42:36'),
(232, 25, 'Laksam', '2023-02-26 05:42:48', '2023-02-26 05:42:48'),
(233, 25, 'Debidwar', '2023-02-26 05:43:00', '2023-02-26 05:43:00'),
(234, 25, 'Meghna', '2023-02-26 05:43:14', '2023-02-26 05:43:14'),
(235, 25, 'Muradnagar', '2023-02-26 05:43:29', '2023-02-26 05:43:29'),
(236, 25, 'Nangalkot', '2023-02-26 05:43:42', '2023-02-26 05:43:42'),
(237, 25, 'Burichong', '2023-02-26 05:43:59', '2023-02-26 05:43:59'),
(238, 25, 'Titas', '2023-02-26 05:44:14', '2023-02-26 05:44:14'),
(239, 26, 'Cox\'s Bazar Sadar', '2023-02-26 05:59:26', '2023-02-26 05:59:26'),
(240, 26, 'Teknaf', '2023-02-26 05:59:37', '2023-02-26 05:59:37'),
(241, 26, 'Chakaria', '2023-02-26 05:59:49', '2023-02-26 05:59:49'),
(242, 26, 'Maheshkhali', '2023-02-26 06:00:26', '2023-02-26 06:00:26'),
(243, 26, 'Pekua', '2023-02-26 06:00:39', '2023-02-26 06:00:39'),
(244, 26, 'Kutubdia', '2023-02-26 06:00:56', '2023-02-26 06:00:56'),
(245, 26, 'Ukhia', '2023-02-26 06:01:06', '2023-02-26 06:01:06'),
(246, 26, 'Ramu', '2023-02-26 06:01:16', '2023-02-26 06:01:16'),
(247, 27, 'Feni Sadar', '2023-02-26 06:01:56', '2023-02-26 06:01:56'),
(248, 27, 'Daganbhuiyan', '2023-02-26 06:02:08', '2023-02-26 06:02:08'),
(249, 28, 'Chhagalnaiya', '2023-02-26 06:03:28', '2023-02-26 06:03:28'),
(250, 28, 'Porshuram', '2023-02-26 06:03:36', '2023-02-26 06:03:36'),
(251, 28, 'Fulgazi', '2023-02-26 06:03:45', '2023-02-26 06:03:45'),
(252, 28, 'Sonagazi', '2023-02-26 06:04:15', '2023-02-26 06:04:15'),
(253, 29, 'Khagrachhari Sadar', '2023-02-26 06:05:02', '2023-02-26 06:05:02'),
(254, 29, 'Panchhari', '2023-02-26 06:05:18', '2023-02-26 06:05:18'),
(257, 29, 'Dighinala', '2023-02-26 06:07:31', '2023-02-26 06:07:31'),
(258, 29, 'Manikchhari', '2023-02-26 06:07:43', '2023-02-26 06:07:43'),
(259, 29, 'Lakshmichhari', '2023-02-26 06:07:52', '2023-02-26 06:07:52'),
(260, 29, 'Ramgarh', '2023-02-26 06:08:12', '2023-02-26 06:08:12'),
(261, 29, 'Mahalchhari', '2023-02-26 06:08:29', '2023-02-26 06:08:29'),
(262, 29, 'Matiranga', '2023-02-26 06:08:43', '2023-02-26 06:08:43'),
(263, 30, 'Lakshmipur (Laxmipur) Sadar', '2023-02-26 06:10:05', '2023-02-26 06:10:05'),
(264, 30, 'Ramgati', '2023-02-26 06:10:15', '2023-02-26 06:10:15'),
(265, 30, 'Komolnagar', '2023-02-26 06:12:39', '2023-02-26 06:12:39'),
(266, 30, 'Raipur', '2023-02-26 06:12:55', '2023-02-26 06:12:55'),
(267, 30, 'Ramganj', '2023-02-26 06:15:18', '2023-02-26 06:15:18'),
(268, 31, 'Noakhali Sadar', '2023-02-26 07:06:33', '2023-02-26 07:06:33'),
(269, 31, 'Begumganj', '2023-02-26 07:06:46', '2023-02-26 07:06:46'),
(270, 31, 'Senbag', '2023-02-26 07:07:02', '2023-02-26 07:07:02'),
(271, 31, 'Companiganj', '2023-02-26 07:07:14', '2023-02-26 07:07:14'),
(272, 31, 'Chatkhil', '2023-02-26 07:07:30', '2023-02-26 07:07:30'),
(273, 31, 'Sonaimuri', '2023-02-26 07:07:42', '2023-02-26 07:07:42'),
(274, 31, 'Hatiya', '2023-02-26 07:07:54', '2023-02-26 07:07:54'),
(275, 31, 'Subarnachar', '2023-02-26 07:08:06', '2023-02-26 07:08:06'),
(276, 31, 'Kabirhat', '2023-02-26 07:08:27', '2023-02-26 07:08:27'),
(277, 32, 'Rangamati Sadar', '2023-02-26 07:09:20', '2023-02-26 07:09:20'),
(278, 32, 'Kaptai', '2023-02-26 07:09:31', '2023-02-26 07:09:31'),
(279, 32, 'Kaukhali', '2023-02-26 07:09:46', '2023-02-26 07:09:46'),
(280, 32, 'Nannerchar', '2023-02-26 07:09:59', '2023-02-26 07:09:59'),
(281, 32, 'Bagaichhari', '2023-02-26 07:10:11', '2023-02-26 07:10:11'),
(282, 32, 'Juraichhari', '2023-02-26 07:10:24', '2023-02-26 07:10:24'),
(283, 32, 'Rajasthali', '2023-02-26 07:10:36', '2023-02-26 07:10:36'),
(284, 32, 'Belaichhari', '2023-02-26 07:10:49', '2023-02-26 07:10:49'),
(285, 32, 'Barkal', '2023-02-26 07:10:59', '2023-02-26 07:10:59'),
(286, 32, 'Langadu', '2023-02-26 07:11:10', '2023-02-26 07:11:10'),
(287, 34, 'Habiganj Sadar', '2023-02-26 07:14:10', '2023-02-26 07:14:10'),
(288, 34, 'Lakhai', '2023-02-26 07:15:02', '2023-02-26 07:15:02'),
(289, 34, 'Madhabpur', '2023-02-26 07:15:17', '2023-02-26 07:15:17'),
(290, 34, 'Nabiganj', '2023-02-26 07:15:34', '2023-02-26 07:15:34'),
(291, 34, 'Chunarughat', '2023-02-26 07:15:55', '2023-02-26 07:15:55'),
(292, 34, 'Baniachang', '2023-02-26 07:16:57', '2023-02-26 07:16:57'),
(293, 34, 'Bahubal', '2023-02-26 07:17:14', '2023-02-26 07:17:14'),
(294, 34, 'Ajmiriganj', '2023-02-26 07:17:33', '2023-02-26 07:17:33'),
(295, 35, 'Moulvibazar Sadar', '2023-02-26 07:19:07', '2023-02-26 07:19:07'),
(296, 35, 'SreeMangal', '2023-02-26 07:19:22', '2023-02-26 07:19:22'),
(297, 35, 'Kulaura', '2023-02-26 07:19:48', '2023-02-26 07:19:48'),
(298, 35, 'Kamalganj', '2023-02-26 07:20:02', '2023-02-26 07:20:02'),
(299, 35, 'Juri', '2023-02-26 07:20:14', '2023-02-26 07:20:14'),
(300, 35, 'Barlekha', '2023-02-26 07:20:37', '2023-02-26 07:20:37'),
(301, 35, 'Rajnagar', '2023-02-26 07:20:52', '2023-02-26 07:20:52'),
(302, 36, 'Sunamganj Sadar', '2023-02-26 07:21:48', '2023-02-26 07:21:48'),
(303, 36, 'Sunamganj South', '2023-02-26 07:22:05', '2023-02-26 07:22:05'),
(304, 36, 'Chhatak', '2023-02-26 07:22:26', '2023-02-26 07:22:26'),
(305, 36, 'Jagannathpur', '2023-02-26 07:22:42', '2023-02-26 07:22:42'),
(306, 36, 'Bishwamvarpur', '2023-02-26 07:23:11', '2023-02-26 07:23:11'),
(307, 36, 'Tahirpur', '2023-02-26 07:24:01', '2023-02-26 07:24:01'),
(308, 36, 'Derai', '2023-02-26 07:24:41', '2023-02-26 07:24:41'),
(309, 36, 'Dharampasha', '2023-02-26 07:24:55', '2023-02-26 07:24:55'),
(310, 36, 'Sulla', '2023-02-26 07:25:10', '2023-02-26 07:25:10'),
(311, 36, 'Dowarabazar', '2023-02-26 07:25:31', '2023-02-26 07:25:31'),
(312, 36, 'Jamalganj', '2023-02-26 07:25:43', '2023-02-26 07:25:43'),
(313, 38, 'Jamalpur Sadar', '2023-02-26 07:30:35', '2023-02-26 07:30:35'),
(314, 38, 'Baksiganj', '2023-02-26 07:31:10', '2023-02-26 07:31:10'),
(315, 38, 'Dewanganj', '2023-02-26 07:31:21', '2023-02-26 07:31:21'),
(316, 38, 'Islampur', '2023-02-26 07:31:33', '2023-02-26 07:31:33'),
(317, 38, 'Madarganj', '2023-02-26 07:31:48', '2023-02-26 07:31:48'),
(318, 38, 'Melandaha', '2023-02-26 07:32:00', '2023-02-26 07:32:00'),
(319, 38, 'Sarishabari', '2023-02-26 07:32:14', '2023-02-26 07:32:14'),
(320, 39, 'Netrokona Sadar', '2023-02-26 07:32:58', '2023-02-26 07:32:58'),
(321, 39, 'Kendua', '2023-02-26 07:33:11', '2023-02-26 07:33:11'),
(322, 39, 'Mohangonj', '2023-02-26 07:37:08', '2023-02-26 07:37:08'),
(323, 39, 'Khaliajuri', '2023-02-26 07:37:51', '2023-02-26 07:37:51'),
(324, 39, 'Purbodhola', '2023-02-26 07:38:23', '2023-02-26 07:38:23'),
(325, 39, 'Atpara', '2023-02-26 07:38:50', '2023-02-26 07:38:50'),
(326, 39, 'Modon', '2023-02-26 07:39:02', '2023-02-26 07:39:02'),
(327, 39, 'Kolmkakanda', '2023-02-26 07:39:12', '2023-02-26 07:39:12'),
(328, 39, 'Barhatta', '2023-02-26 07:39:22', '2023-02-26 07:39:22'),
(329, 39, 'Durgapur', '2023-02-26 07:39:38', '2023-02-26 07:39:38'),
(330, 40, 'Sherpur Sadar', '2023-02-26 07:42:25', '2023-02-26 07:42:25'),
(331, 40, 'Nakla', '2023-02-26 07:43:20', '2023-02-26 07:43:20'),
(332, 40, 'Sreebardi', '2023-02-26 07:43:31', '2023-02-26 07:43:31'),
(333, 40, 'Nalitabari', '2023-02-26 07:43:43', '2023-02-26 07:43:43'),
(334, 40, 'Jhenaigati', '2023-02-26 07:44:01', '2023-02-26 07:44:01'),
(335, 42, 'Bogra Sadar', '2023-02-26 07:44:46', '2023-02-26 07:44:46'),
(336, 42, 'Gabtali', '2023-02-26 07:46:43', '2023-02-26 07:46:43'),
(337, 42, 'Sariakandi', '2023-02-26 07:46:57', '2023-02-26 07:46:57'),
(338, 42, 'Adamdighi', '2023-02-26 07:47:59', '2023-02-26 07:47:59'),
(339, 42, 'Sonatala', '2023-02-26 07:50:12', '2023-02-26 07:50:12'),
(340, 42, 'Sherpur', '2023-02-26 07:50:31', '2023-02-26 07:50:31'),
(341, 42, 'Kahaloo', '2023-02-26 07:51:32', '2023-02-26 07:51:32'),
(342, 42, 'Shibganj', '2023-02-26 07:51:47', '2023-02-26 07:51:47'),
(343, 42, 'Dupchanchia', '2023-02-26 07:52:04', '2023-02-26 07:52:04'),
(344, 42, 'Nandigram', '2023-02-26 07:52:23', '2023-02-26 07:52:23'),
(345, 42, 'Sahajanpur', '2023-02-26 07:52:36', '2023-02-26 07:52:36'),
(346, 42, 'Dhunat', '2023-02-26 07:52:49', '2023-02-26 07:52:49'),
(347, 43, 'Chapai Nawabganj Sadar', '2023-02-26 09:50:03', '2023-02-26 09:50:03'),
(348, 43, 'Nachole', '2023-02-26 09:50:17', '2023-02-26 09:50:17'),
(349, 43, 'Shibganj', '2023-02-26 09:50:28', '2023-02-26 09:50:28'),
(350, 43, 'Gomastapur', '2023-02-26 09:50:45', '2023-02-26 09:50:45'),
(351, 43, 'Bholahat', '2023-02-26 09:50:58', '2023-02-26 09:50:58'),
(352, 44, 'Joypurhat Sadar', '2023-02-27 04:25:07', '2023-02-27 04:25:07'),
(353, 44, 'Akkelpur', '2023-02-27 04:25:33', '2023-02-27 04:25:33'),
(354, 44, 'Khetlal', '2023-02-27 04:26:03', '2023-02-27 04:26:03'),
(355, 44, 'Panchbibi', '2023-02-27 04:26:27', '2023-02-27 04:26:27'),
(356, 44, 'Kalai', '2023-02-27 04:26:38', '2023-02-27 04:26:38'),
(357, 45, 'Naogaon Sadarv', '2023-02-27 04:34:39', '2023-02-27 04:34:39'),
(358, 45, 'Atrai', '2023-02-27 04:34:58', '2023-02-27 04:34:58'),
(359, 45, 'Dhamoirhat', '2023-02-27 04:35:19', '2023-02-27 04:35:19'),
(360, 45, 'Badalgachhi', '2023-02-27 04:35:32', '2023-02-27 04:35:32'),
(361, 45, 'Niamatpur', '2023-02-27 04:35:46', '2023-02-27 04:35:46'),
(362, 45, 'Manda', '2023-02-27 04:35:59', '2023-02-27 04:35:59'),
(363, 45, 'Mohadevpur', '2023-02-27 04:36:22', '2023-02-27 04:36:22'),
(364, 45, 'Patnitala', '2023-02-27 04:36:36', '2023-02-27 04:36:36'),
(365, 45, 'Porsha', '2023-02-27 04:36:49', '2023-02-27 04:36:49'),
(366, 45, 'Sapahar', '2023-02-27 04:37:03', '2023-02-27 04:37:03'),
(367, 45, 'Raninagar', '2023-02-27 04:37:15', '2023-02-27 04:37:15'),
(368, 46, 'Natore Sadar', '2023-02-27 08:08:56', '2023-02-27 08:08:56'),
(369, 46, 'Bagatipara', '2023-02-27 08:09:13', '2023-02-27 08:09:13'),
(370, 46, 'Singra', '2023-02-27 08:10:14', '2023-02-27 08:10:14'),
(371, 46, 'Boraigram', '2023-02-27 08:10:27', '2023-02-27 08:10:27'),
(372, 46, 'Gurudaspur', '2023-02-27 08:10:40', '2023-02-27 08:10:40'),
(373, 46, 'Lalpur', '2023-02-27 08:11:02', '2023-02-27 08:11:02'),
(374, 47, 'Pabna Sadar', '2023-02-27 08:11:36', '2023-02-27 08:11:36'),
(375, 47, 'Santhia', '2023-02-27 08:11:48', '2023-02-27 08:11:48'),
(376, 47, 'Bera', '2023-02-27 08:11:59', '2023-02-27 08:11:59'),
(377, 47, 'Sujanagar', '2023-02-27 08:12:24', '2023-02-27 08:12:24'),
(378, 47, 'Atgharia', '2023-02-27 08:12:37', '2023-02-27 08:12:37'),
(379, 47, 'Bhangura', '2023-02-27 08:12:49', '2023-02-27 08:12:49'),
(380, 47, 'Faridpur', '2023-02-27 08:13:09', '2023-02-27 08:13:09'),
(381, 47, 'Chatmohar', '2023-02-27 08:13:21', '2023-02-27 08:13:21'),
(382, 47, 'Ishwardi', '2023-02-27 08:13:36', '2023-02-27 08:13:36'),
(383, 48, 'Sirajganj Sadar', '2023-02-27 08:14:22', '2023-02-27 08:14:22'),
(384, 48, 'Chauhali', '2023-02-27 08:14:37', '2023-02-27 08:14:37'),
(385, 48, 'Kamarkhanda', '2023-02-27 08:14:50', '2023-02-27 08:14:50'),
(386, 48, 'Belkuchi', '2023-02-27 08:15:14', '2023-02-27 08:15:14'),
(387, 48, 'Kazipur', '2023-02-27 08:15:35', '2023-02-27 08:15:35'),
(388, 48, 'Raiganj', '2023-02-27 08:15:50', '2023-02-27 08:15:50'),
(389, 48, 'Ullahpara', '2023-02-27 08:16:01', '2023-02-27 08:16:01'),
(390, 48, 'Tarash', '2023-02-27 08:16:14', '2023-02-27 08:16:14'),
(391, 48, 'Shahjadpur', '2023-02-27 08:16:33', '2023-02-27 08:16:33');

-- --------------------------------------------------------

--
-- Table structure for table `brands`
--

CREATE TABLE `brands` (
  `id` bigint(20) UNSIGNED NOT NULL,
  `brand_name` varchar(255) NOT NULL,
  `brand_photo` varchar(255) NOT NULL,
  `created_at` timestamp NULL DEFAULT NULL,
  `updated_at` timestamp NULL DEFAULT NULL
) ENGINE=InnoDB DEFAULT CHARSET=utf8mb4 COLLATE=utf8mb4_unicode_ci;

--
-- Dumping data for table `brands`
--

INSERT INTO `brands` (`id`, `brand_name`, `brand_photo`, `created_at`, `updated_at`) VALUES
(1, 'sfds', '1677357184.jpg', '2023-02-25 14:33:04', '2023-02-25 14:33:04'),
(2, 'HAPPY HEEL\'S', '1677388819.png', '2023-02-25 23:20:19', '2023-02-25 23:20:19');

-- --------------------------------------------------------

--
-- Table structure for table `categories`
--

CREATE TABLE `categories` (
  `id` bigint(20) UNSIGNED NOT NULL,
  `category_name` varchar(255) NOT NULL,
  `created_at` timestamp NULL DEFAULT NULL,
  `updated_at` timestamp NULL DEFAULT NULL
) ENGINE=InnoDB DEFAULT CHARSET=utf8mb4 COLLATE=utf8mb4_unicode_ci;

--
-- Dumping data for table `categories`
--

INSERT INTO `categories` (`id`, `category_name`, `created_at`, `updated_at`) VALUES
(3, 'Women Shoes', '2023-02-25 23:19:12', '2023-02-25 23:19:12'),
(4, 'Women Sandal', '2023-02-26 00:10:50', '2023-02-26 00:10:50'),
(5, 'High Heels', '2023-02-26 00:11:15', '2023-02-26 00:11:15'),
(6, 'Balance Heels', '2023-02-26 00:11:47', '2023-02-26 00:11:47');

-- --------------------------------------------------------

--
-- Table structure for table `contacts`
--

CREATE TABLE `contacts` (
  `id` bigint(20) UNSIGNED NOT NULL,
  `name` varchar(255) NOT NULL,
  `email` varchar(255) NOT NULL,
  `phone` varchar(255) NOT NULL,
  `message` text NOT NULL,
  `status` int(11) NOT NULL,
  `created_at` timestamp NULL DEFAULT NULL,
  `updated_at` timestamp NULL DEFAULT NULL
) ENGINE=InnoDB DEFAULT CHARSET=utf8mb4 COLLATE=utf8mb4_unicode_ci;

-- --------------------------------------------------------

--
-- Table structure for table `coupons`
--

CREATE TABLE `coupons` (
  `id` bigint(20) UNSIGNED NOT NULL,
  `coupon` varchar(255) NOT NULL,
  `discount` int(11) NOT NULL,
  `coupon_started` date DEFAULT NULL,
  `coupon_end` date DEFAULT NULL,
  `status` int(11) NOT NULL,
  `created_at` timestamp NULL DEFAULT NULL,
  `updated_at` timestamp NULL DEFAULT NULL
) ENGINE=InnoDB DEFAULT CHARSET=utf8mb4 COLLATE=utf8mb4_unicode_ci;

-- --------------------------------------------------------

--
-- Table structure for table `districts`
--

CREATE TABLE `districts` (
  `id` bigint(20) UNSIGNED NOT NULL,
  `division_id` int(11) NOT NULL,
  `district` varchar(255) NOT NULL,
  `created_at` timestamp NULL DEFAULT NULL,
  `updated_at` timestamp NULL DEFAULT NULL
) ENGINE=InnoDB DEFAULT CHARSET=utf8mb4 COLLATE=utf8mb4_unicode_ci;

--
-- Dumping data for table `districts`
--

INSERT INTO `districts` (`id`, `division_id`, `district`, `created_at`, `updated_at`) VALUES
(8, 5, 'Dhaka', '2023-02-13 01:25:31', '2023-02-13 01:25:31'),
(9, 5, 'Munshiganj', '2023-02-13 01:27:04', '2023-02-13 01:27:04'),
(10, 5, 'Gazipur', '2023-02-13 01:27:52', '2023-02-13 01:27:52'),
(11, 5, 'Kishoreganj', '2023-02-13 01:31:45', '2023-02-13 01:31:45'),
(12, 5, 'Gopalganj', '2023-02-13 01:40:46', '2023-02-13 01:40:46'),
(13, 5, 'Faridpur', '2023-02-13 01:41:35', '2023-02-13 01:41:35'),
(14, 5, 'Madaripur', '2023-02-13 01:42:02', '2023-02-13 01:42:02'),
(15, 5, 'Rajbari', '2023-02-13 01:42:34', '2023-02-13 01:42:34'),
(16, 5, 'Shariatpur', '2023-02-13 01:43:58', '2023-02-13 01:43:58'),
(17, 6, 'Chittagong', '2023-02-13 01:50:11', '2023-02-13 01:50:11'),
(18, 6, 'Bandarban', '2023-02-13 01:50:48', '2023-02-13 01:50:48'),
(19, 6, 'Brahmanbaria', '2023-02-13 01:51:32', '2023-02-13 01:51:32'),
(20, 6, 'Chandpur', '2023-02-13 01:52:46', '2023-02-13 01:52:46'),
(25, 6, 'Comilla', '2023-02-13 01:55:30', '2023-02-13 01:55:30'),
(26, 6, 'Cox’s Bazar', '2023-02-13 01:56:32', '2023-02-13 01:56:32'),
(28, 6, 'Feni', '2023-02-13 01:57:09', '2023-02-13 01:57:09'),
(29, 6, 'Khagrachari', '2023-02-13 01:57:32', '2023-02-13 01:57:32'),
(30, 6, 'Lakshmipur', '2023-02-13 01:57:55', '2023-02-13 01:57:55'),
(31, 6, 'Noakhali', '2023-02-13 01:58:24', '2023-02-13 01:58:24'),
(32, 6, 'Rangamati', '2023-02-13 01:58:40', '2023-02-13 01:58:40'),
(33, 7, 'Sylhet', '2023-02-14 04:30:43', '2023-02-14 04:30:43'),
(34, 7, 'Habiganj', '2023-02-14 04:31:52', '2023-02-26 07:13:42'),
(35, 7, 'Moulvibazar', '2023-02-14 04:32:26', '2023-02-14 04:32:26'),
(36, 7, 'Sunamganj', '2023-02-14 04:33:14', '2023-02-14 04:33:14'),
(37, 8, 'Mymensingh', '2023-02-14 04:34:43', '2023-02-14 04:34:43'),
(38, 7, 'Jamalpur', '2023-02-14 04:35:02', '2023-02-14 04:35:02'),
(39, 8, 'Netrokona', '2023-02-14 04:35:23', '2023-02-14 04:35:23'),
(40, 8, 'Sherpur', '2023-02-14 04:35:47', '2023-02-14 04:35:47'),
(41, 9, 'Rajshahi', '2023-02-15 01:37:48', '2023-02-15 01:37:48'),
(42, 9, 'Bogra', '2023-02-15 01:38:33', '2023-02-15 01:38:33'),
(43, 9, 'Chapinawabganj', '2023-02-15 01:39:05', '2023-02-15 01:39:05'),
(44, 9, 'Joypurhat', '2023-02-15 01:39:41', '2023-02-15 01:39:41'),
(45, 9, 'Naogaon', '2023-02-15 01:40:38', '2023-02-15 01:40:38'),
(46, 9, 'Natore', '2023-02-15 01:40:49', '2023-02-15 01:40:49'),
(47, 9, 'Pabna', '2023-02-15 01:41:51', '2023-02-15 01:41:51'),
(48, 9, 'Sirajganj', '2023-02-15 01:42:25', '2023-02-15 01:42:25'),
(49, 10, 'Khulna', '2023-02-15 01:43:44', '2023-02-15 01:43:44'),
(50, 10, 'Bagherhat', '2023-02-15 01:43:55', '2023-02-15 01:43:55'),
(51, 10, 'Chuadanga', '2023-02-15 01:44:05', '2023-02-15 01:44:05'),
(52, 10, 'Jessore', '2023-02-15 01:44:32', '2023-02-15 01:44:32'),
(53, 10, 'Jinaidaha', '2023-02-15 01:44:44', '2023-02-15 01:44:44'),
(54, 10, 'Magura', '2023-02-15 01:45:01', '2023-02-15 01:45:01'),
(55, 10, 'Meherpur', '2023-02-15 01:45:53', '2023-02-15 01:45:53'),
(56, 10, 'Narail', '2023-02-15 01:46:17', '2023-02-15 01:46:17'),
(57, 10, 'Satkhira', '2023-02-15 01:46:27', '2023-02-15 01:46:27'),
(58, 11, 'Rangpur', '2023-02-15 01:47:13', '2023-02-15 01:47:13'),
(59, 11, 'Dinajpur', '2023-02-15 01:47:25', '2023-02-15 01:47:25'),
(60, 11, 'Gaibandha', '2023-02-15 01:47:32', '2023-02-15 01:47:32'),
(61, 11, 'Kurigram', '2023-02-15 01:47:42', '2023-02-15 01:47:42'),
(62, 11, 'Lalmonirhat', '2023-02-15 01:47:52', '2023-02-15 01:47:52'),
(63, 11, 'Nilphamari', '2023-02-15 01:48:00', '2023-02-15 01:48:00'),
(64, 11, 'Panchagarh', '2023-02-15 01:48:09', '2023-02-15 01:48:09'),
(65, 11, 'Thakurgaon', '2023-02-15 01:48:17', '2023-02-15 01:48:17'),
(66, 12, 'Barisal', '2023-02-15 01:49:00', '2023-02-15 01:49:00'),
(67, 12, 'Barguna', '2023-02-15 01:49:08', '2023-02-15 01:49:08'),
(68, 12, 'Bhola', '2023-02-15 01:49:36', '2023-02-15 01:49:36'),
(69, 12, 'Jhalokathi', '2023-02-15 01:49:46', '2023-02-15 01:49:46'),
(70, 12, 'Patuakhali', '2023-02-15 01:49:57', '2023-02-15 01:49:57'),
(71, 12, 'Pirojpur', '2023-02-15 01:50:10', '2023-02-15 01:50:10');

-- --------------------------------------------------------

--
-- Table structure for table `divisions`
--

CREATE TABLE `divisions` (
  `id` bigint(20) UNSIGNED NOT NULL,
  `division` varchar(255) NOT NULL,
  `created_at` timestamp NULL DEFAULT NULL,
  `updated_at` timestamp NULL DEFAULT NULL
) ENGINE=InnoDB DEFAULT CHARSET=utf8mb4 COLLATE=utf8mb4_unicode_ci;

--
-- Dumping data for table `divisions`
--

INSERT INTO `divisions` (`id`, `division`, `created_at`, `updated_at`) VALUES
(5, 'Dhaka', '2023-02-13 01:16:28', '2023-02-13 01:16:28'),
(6, 'Chittagong', '2023-02-13 01:18:02', '2023-02-13 01:18:02'),
(7, 'Sylhet', '2023-02-13 01:18:20', '2023-02-13 01:18:20'),
(8, 'Mymensingh', '2023-02-13 01:18:43', '2023-02-13 01:18:43'),
(9, 'Rajshahi', '2023-02-13 01:19:03', '2023-02-13 01:19:03'),
(10, 'Khulna', '2023-02-13 01:19:20', '2023-02-13 01:19:20'),
(11, 'Rangpur', '2023-02-13 01:19:40', '2023-02-13 01:19:40'),
(12, 'Barisal', '2023-02-13 01:20:15', '2023-02-13 01:20:15');

-- --------------------------------------------------------

--
-- Table structure for table `failed_jobs`
--

CREATE TABLE `failed_jobs` (
  `id` bigint(20) UNSIGNED NOT NULL,
  `uuid` varchar(255) NOT NULL,
  `connection` text NOT NULL,
  `queue` text NOT NULL,
  `payload` longtext NOT NULL,
  `exception` longtext NOT NULL,
  `failed_at` timestamp NOT NULL DEFAULT current_timestamp()
) ENGINE=InnoDB DEFAULT CHARSET=utf8mb4 COLLATE=utf8mb4_unicode_ci;

-- --------------------------------------------------------

--
-- Table structure for table `files`
--

CREATE TABLE `files` (
  `id` bigint(20) UNSIGNED NOT NULL,
  `product_id` int(11) NOT NULL,
  `product_image` varchar(255) NOT NULL,
  `created_at` timestamp NULL DEFAULT NULL,
  `updated_at` timestamp NULL DEFAULT NULL
) ENGINE=InnoDB DEFAULT CHARSET=utf8mb4 COLLATE=utf8mb4_unicode_ci;

--
-- Dumping data for table `files`
--

INSERT INTO `files` (`id`, `product_id`, `product_image`, `created_at`, `updated_at`) VALUES
(1, 2, '1758836568816284.jpg', '2023-02-25 14:34:22', '2023-02-25 14:34:22'),
(2, 2, '1758836569237627.jpg', '2023-02-25 14:34:23', '2023-02-25 14:34:23'),
(3, 2, '1758836569561986.jpg', '2023-02-25 14:34:23', '2023-02-25 14:34:23'),
(6, 3, '1758837978729524.jpg', '2023-02-25 14:56:47', '2023-02-25 14:56:47'),
(7, 3, '1758837979034971.jpg', '2023-02-25 14:56:47', '2023-02-25 14:56:47'),
(8, 3, '1758837979332694.jpg', '2023-02-25 14:56:47', '2023-02-25 14:56:47'),
(9, 3, '1758837979669596.jpg', '2023-02-25 14:56:48', '2023-02-25 14:56:48'),
(10, 3, '1758837980045108.png', '2023-02-25 14:56:48', '2023-02-25 14:56:48'),
(19, 6, '1758872087043209.jpg', '2023-02-25 23:58:55', '2023-02-25 23:58:55'),
(20, 6, '1758872087611458.jpg', '2023-02-25 23:58:56', '2023-02-25 23:58:56'),
(21, 6, '1758872088178049.jpg', '2023-02-25 23:58:56', '2023-02-25 23:58:56'),
(22, 6, '1758872088706033.jpg', '2023-02-25 23:58:57', '2023-02-25 23:58:57'),
(23, 6, '1758872089343818.jpg', '2023-02-25 23:58:58', '2023-02-25 23:58:58'),
(29, 7, '1758873810004880.jpg', '2023-02-26 00:26:19', '2023-02-26 00:26:19'),
(30, 7, '1758873810756875.jpg', '2023-02-26 00:26:19', '2023-02-26 00:26:19'),
(31, 7, '1758873811333201.jpg', '2023-02-26 00:26:20', '2023-02-26 00:26:20'),
(32, 7, '1758873811927140.jpg', '2023-02-26 00:26:20', '2023-02-26 00:26:20'),
(33, 7, '1758873812484497.jpg', '2023-02-26 00:26:21', '2023-02-26 00:26:21'),
(34, 8, '1758875199732223.jpg', '2023-02-26 00:48:24', '2023-02-26 00:48:24'),
(35, 8, '1758875200320425.jpg', '2023-02-26 00:48:24', '2023-02-26 00:48:24'),
(36, 8, '1758875200884887.jpg', '2023-02-26 00:48:25', '2023-02-26 00:48:25'),
(37, 8, '1758875201468691.jpg', '2023-02-26 00:48:25', '2023-02-26 00:48:25'),
(38, 9, '1758876316021076.jpg', '2023-02-26 01:06:08', '2023-02-26 01:06:08'),
(39, 9, '1758876316525677.jpg', '2023-02-26 01:06:09', '2023-02-26 01:06:09'),
(40, 9, '1758876316995538.jpg', '2023-02-26 01:06:09', '2023-02-26 01:06:09'),
(41, 9, '1758876317449357.jpg', '2023-02-26 01:06:10', '2023-02-26 01:06:10'),
(42, 9, '1758876317929566.jpg', '2023-02-26 01:06:10', '2023-02-26 01:06:10'),
(43, 10, '1758877826820599.jpg', '2023-02-26 01:30:09', '2023-02-26 01:30:09'),
(44, 10, '1758877827395583.jpg', '2023-02-26 01:30:10', '2023-02-26 01:30:10'),
(45, 10, '1758877827983890.jpg', '2023-02-26 01:30:10', '2023-02-26 01:30:10'),
(46, 10, '1758877828538579.jpg', '2023-02-26 01:30:11', '2023-02-26 01:30:11'),
(47, 11, '1758892828005469.jpg', '2023-02-26 05:28:36', '2023-02-26 05:28:36'),
(48, 11, '1758892828822060.jpg', '2023-02-26 05:28:36', '2023-02-26 05:28:36'),
(49, 11, '1758892829406774.jpg', '2023-02-26 05:28:37', '2023-02-26 05:28:37'),
(50, 11, '1758892830136781.jpg', '2023-02-26 05:28:38', '2023-02-26 05:28:38'),
(51, 12, '1758894739541481.jpg', '2023-02-26 05:58:58', '2023-02-26 05:58:58'),
(52, 12, '1758894740076550.jpg', '2023-02-26 05:58:59', '2023-02-26 05:58:59'),
(53, 12, '1758894740644891.jpg', '2023-02-26 05:58:59', '2023-02-26 05:58:59'),
(54, 12, '1758894741137079.jpg', '2023-02-26 05:59:00', '2023-02-26 05:59:00'),
(55, 12, '1758894741695695.jpg', '2023-02-26 05:59:00', '2023-02-26 05:59:00'),
(56, 13, '1758895750936112.jpg', '2023-02-26 06:15:03', '2023-02-26 06:15:03'),
(57, 13, '1758895751556379.jpg', '2023-02-26 06:15:04', '2023-02-26 06:15:04'),
(58, 13, '1758895752181699.jpg', '2023-02-26 06:15:04', '2023-02-26 06:15:04'),
(59, 13, '1758895752748873.jpg', '2023-02-26 06:15:05', '2023-02-26 06:15:05'),
(60, 13, '1758895753362407.jpg', '2023-02-26 06:15:05', '2023-02-26 06:15:05'),
(61, 13, '1758895754053039.jpg', '2023-02-26 06:15:06', '2023-02-26 06:15:06'),
(62, 14, '1758898947756541.jpg', '2023-02-26 07:05:52', '2023-02-26 07:05:52'),
(63, 14, '1758898948384128.jpg', '2023-02-26 07:05:52', '2023-02-26 07:05:52'),
(64, 14, '1758898948823839.jpg', '2023-02-26 07:05:53', '2023-02-26 07:05:53'),
(65, 15, '1758900393426358.jpg', '2023-02-26 07:28:50', '2023-02-26 07:28:50'),
(66, 15, '1758900394008752.jpg', '2023-02-26 07:28:51', '2023-02-26 07:28:51'),
(67, 15, '1758900394624836.jpg', '2023-02-26 07:28:52', '2023-02-26 07:28:52'),
(68, 15, '1758900395273231.jpg', '2023-02-26 07:28:52', '2023-02-26 07:28:52'),
(69, 16, '1758901293819223.jpg', '2023-02-26 07:43:09', '2023-02-26 07:43:09'),
(70, 16, '1758901294368260.jpg', '2023-02-26 07:43:10', '2023-02-26 07:43:10'),
(71, 16, '1758901294954502.jpg', '2023-02-26 07:43:10', '2023-02-26 07:43:10'),
(72, 16, '1758901295510317.jpg', '2023-02-26 07:43:11', '2023-02-26 07:43:11'),
(73, 17, '1758910096555270.jpg', '2023-02-26 10:03:04', '2023-02-26 10:03:04'),
(74, 17, '1758910097111260.jpg', '2023-02-26 10:03:04', '2023-02-26 10:03:04'),
(75, 17, '1758910097599583.jpg', '2023-02-26 10:03:05', '2023-02-26 10:03:05'),
(76, 17, '1758910098102430.jpg', '2023-02-26 10:03:05', '2023-02-26 10:03:05'),
(77, 18, '1758911583553803.jpg', '2023-02-26 10:26:42', '2023-02-26 10:26:42'),
(78, 18, '1758911583989390.jpg', '2023-02-26 10:26:42', '2023-02-26 10:26:42'),
(79, 18, '1758911584407999.jpg', '2023-02-26 10:26:43', '2023-02-26 10:26:43'),
(80, 18, '1758911584876527.jpg', '2023-02-26 10:26:43', '2023-02-26 10:26:43'),
(81, 18, '1758911585303219.jpg', '2023-02-26 10:26:44', '2023-02-26 10:26:44'),
(82, 19, '1758968550542081.jpg', '2023-02-27 01:32:10', '2023-02-27 01:32:10'),
(83, 19, '1758968551032006.jpg', '2023-02-27 01:32:10', '2023-02-27 01:32:10'),
(84, 19, '1758968551312632.jpg', '2023-02-27 01:32:11', '2023-02-27 01:32:11'),
(85, 19, '1758968551651138.jpg', '2023-02-27 01:32:11', '2023-02-27 01:32:11'),
(86, 19, '1758968551926372.jpg', '2023-02-27 01:32:11', '2023-02-27 01:32:11'),
(87, 19, '1758968552253987.jpg', '2023-02-27 01:32:12', '2023-02-27 01:32:12'),
(88, 20, '1758970158702107.jpg', '2023-02-27 01:57:44', '2023-02-27 01:57:44'),
(89, 20, '1758970159301263.jpg', '2023-02-27 01:57:44', '2023-02-27 01:57:44'),
(90, 20, '1758970159811914.jpg', '2023-02-27 01:57:45', '2023-02-27 01:57:45'),
(91, 20, '1758970160459454.jpg', '2023-02-27 01:57:45', '2023-02-27 01:57:45'),
(92, 20, '1758970161065337.jpg', '2023-02-27 01:57:46', '2023-02-27 01:57:46'),
(93, 20, '1758970161653401.jpg', '2023-02-27 01:57:47', '2023-02-27 01:57:47'),
(94, 21, '1758971018786291.jpg', '2023-02-27 02:11:24', '2023-02-27 02:11:24'),
(95, 21, '1758971019465362.jpg', '2023-02-27 02:11:25', '2023-02-27 02:11:25'),
(96, 21, '1758971020083610.jpg', '2023-02-27 02:11:25', '2023-02-27 02:11:25'),
(97, 22, '1758974667690768.jpg', '2023-02-27 03:09:24', '2023-02-27 03:09:24'),
(98, 22, '1758974668435892.jpg', '2023-02-27 03:09:25', '2023-02-27 03:09:25'),
(99, 22, '1758974669043481.jpg', '2023-02-27 03:09:25', '2023-02-27 03:09:25'),
(100, 22, '1758974669622647.jpg', '2023-02-27 03:09:26', '2023-02-27 03:09:26'),
(101, 22, '1758974670363580.jpg', '2023-02-27 03:09:26', '2023-02-27 03:09:26'),
(102, 23, '1758975670036534.jpg', '2023-02-27 03:25:20', '2023-02-27 03:25:20'),
(103, 23, '1758975670570915.jpg', '2023-02-27 03:25:20', '2023-02-27 03:25:20'),
(104, 24, '1758985779780789.jpg', '2023-02-27 06:06:01', '2023-02-27 06:06:01'),
(105, 24, '1758985780540182.jpg', '2023-02-27 06:06:02', '2023-02-27 06:06:02'),
(106, 24, '1758985781533250.jpg', '2023-02-27 06:06:03', '2023-02-27 06:06:03'),
(107, 24, '1758985782127800.jpg', '2023-02-27 06:06:03', '2023-02-27 06:06:03'),
(108, 25, '1758989877170410.jpg', '2023-02-27 07:11:09', '2023-02-27 07:11:09'),
(109, 25, '1758989877680837.jpg', '2023-02-27 07:11:09', '2023-02-27 07:11:09'),
(110, 25, '1758989878076159.jpg', '2023-02-27 07:11:10', '2023-02-27 07:11:10'),
(111, 26, '1758991319110037.jpg', '2023-02-27 07:34:04', '2023-02-27 07:34:04'),
(112, 26, '1758991319765911.jpg', '2023-02-27 07:34:05', '2023-02-27 07:34:05'),
(113, 26, '1758991320376668.jpg', '2023-02-27 07:34:05', '2023-02-27 07:34:05'),
(114, 26, '1758991320943788.jpg', '2023-02-27 07:34:06', '2023-02-27 07:34:06'),
(115, 27, '1758993359523504.jpg', '2023-02-27 08:06:30', '2023-02-27 08:06:30'),
(116, 27, '1758993359879641.jpg', '2023-02-27 08:06:30', '2023-02-27 08:06:30'),
(117, 27, '1758993360159158.jpg', '2023-02-27 08:06:30', '2023-02-27 08:06:30'),
(118, 28, '1759072567594223.jpg', '2023-02-28 05:05:29', '2023-02-28 05:05:29'),
(119, 28, '1759072568497355.jpg', '2023-02-28 05:05:29', '2023-02-28 05:05:29'),
(120, 28, '1759072569146129.jpg', '2023-02-28 05:05:30', '2023-02-28 05:05:30'),
(121, 29, '1759074609235875.jpg', '2023-02-28 05:37:56', '2023-02-28 05:37:56'),
(122, 29, '1759074609916899.jpg', '2023-02-28 05:37:56', '2023-02-28 05:37:56'),
(123, 29, '1759074610444539.jpg', '2023-02-28 05:37:57', '2023-02-28 05:37:57'),
(124, 30, '1759075081987854.jpg', '2023-02-28 05:45:26', '2023-02-28 05:45:26'),
(125, 30, '1759075082614047.jpg', '2023-02-28 05:45:27', '2023-02-28 05:45:27'),
(126, 30, '1759075083239388.jpg', '2023-02-28 05:45:28', '2023-02-28 05:45:28'),
(127, 31, '1759075576436509.jpg', '2023-02-28 05:53:18', '2023-02-28 05:53:18'),
(128, 31, '1759075577059675.jpg', '2023-02-28 05:53:19', '2023-02-28 05:53:19'),
(129, 31, '1759075577658657.jpg', '2023-02-28 05:53:19', '2023-02-28 05:53:19'),
(130, 31, '1759075578195684.jpg', '2023-02-28 05:53:20', '2023-02-28 05:53:20'),
(131, 32, '1759076384414008.jpg', '2023-02-28 06:06:09', '2023-02-28 06:06:09'),
(132, 32, '1759076385044750.jpg', '2023-02-28 06:06:09', '2023-02-28 06:06:09'),
(133, 32, '1759076385613156.jpg', '2023-02-28 06:06:10', '2023-02-28 06:06:10'),
(134, 32, '1759076386210113.jpg', '2023-02-28 06:06:10', '2023-02-28 06:06:10'),
(135, 33, '1759079094401110.jpg', '2023-02-28 06:49:13', '2023-02-28 06:49:13'),
(136, 33, '1759079094850514.jpg', '2023-02-28 06:49:13', '2023-02-28 06:49:13'),
(137, 33, '1759079095235736.jpg', '2023-02-28 06:49:14', '2023-02-28 06:49:14'),
(138, 33, '1759079095698382.jpg', '2023-02-28 06:49:14', '2023-02-28 06:49:14'),
(139, 34, '1759080301037423.jpg', '2023-02-28 07:08:24', '2023-02-28 07:08:24'),
(140, 34, '1759080301650066.jpg', '2023-02-28 07:08:24', '2023-02-28 07:08:24'),
(141, 35, '1759081110689675.jpg', '2023-02-28 07:21:16', '2023-02-28 07:21:16'),
(142, 35, '1759081111408417.jpg', '2023-02-28 07:21:16', '2023-02-28 07:21:16'),
(143, 35, '1759081111936388.jpg', '2023-02-28 07:21:17', '2023-02-28 07:21:17'),
(144, 35, '1759081112557844.jpg', '2023-02-28 07:21:18', '2023-02-28 07:21:18'),
(145, 36, '1759084237106339.jpg', '2023-02-28 08:10:57', '2023-02-28 08:10:57'),
(146, 36, '1759084237551576.jpg', '2023-02-28 08:10:58', '2023-02-28 08:10:58'),
(147, 36, '1759084238061972.jpg', '2023-02-28 08:10:58', '2023-02-28 08:10:58'),
(148, 36, '1759084238453830.jpg', '2023-02-28 08:10:59', '2023-02-28 08:10:59'),
(149, 37, '1759086155695825.jpg', '2023-02-28 08:41:27', '2023-02-28 08:41:27'),
(150, 37, '1759086156238383.jpg', '2023-02-28 08:41:28', '2023-02-28 08:41:28'),
(151, 37, '1759086156813086.jpg', '2023-02-28 08:41:28', '2023-02-28 08:41:28'),
(152, 38, '1759086826886081.jpg', '2023-02-28 08:52:07', '2023-02-28 08:52:07'),
(153, 38, '1759086827263981.jpg', '2023-02-28 08:52:07', '2023-02-28 08:52:07'),
(154, 38, '1759086827621826.jpg', '2023-02-28 08:52:08', '2023-02-28 08:52:08'),
(155, 38, '1759086828028170.jpg', '2023-02-28 08:52:08', '2023-02-28 08:52:08'),
(156, 38, '1759086828377303.jpg', '2023-02-28 08:52:08', '2023-02-28 08:52:08');

-- --------------------------------------------------------

--
-- Table structure for table `migrations`
--

CREATE TABLE `migrations` (
  `id` int(10) UNSIGNED NOT NULL,
  `migration` varchar(255) NOT NULL,
  `batch` int(11) NOT NULL
) ENGINE=InnoDB DEFAULT CHARSET=utf8mb4 COLLATE=utf8mb4_unicode_ci;

--
-- Dumping data for table `migrations`
--

INSERT INTO `migrations` (`id`, `migration`, `batch`) VALUES
(1, '2014_10_12_000000_create_users_table', 1),
(2, '2014_10_12_100000_create_password_resets_table', 1),
(3, '2019_08_19_000000_create_failed_jobs_table', 1),
(4, '2019_12_14_000001_create_personal_access_tokens_table', 1),
(5, '2021_02_24_134237_create_files_table', 1),
(6, '2021_05_10_081623_create_admins_table', 1),
(7, '2021_05_10_135244_create_categories_table', 1),
(8, '2021_05_10_135411_create_sub_categories_table', 1),
(9, '2021_05_10_135805_create_brands_table', 1),
(10, '2021_05_30_103213_create_products_table', 1),
(11, '2021_06_25_125100_create_wishlists_table', 1),
(12, '2021_07_02_182708_create_coupons_table', 1),
(13, '2021_08_03_113406_create_divisions_table', 1),
(14, '2021_08_04_163030_create_districts_table', 1),
(15, '2021_08_04_174041_create_areas_table', 1),
(16, '2021_08_06_051158_create_orders_table', 1),
(17, '2021_08_06_084813_create_settings_table', 1),
(18, '2021_08_07_113407_create_order_details_table', 1),
(19, '2021_08_09_153317_create_shippings_table', 1),
(20, '2021_08_14_043239_create_seos_table', 1),
(21, '2021_08_16_103321_create_sites_table', 1),
(22, '2021_08_31_054602_create_posts_table', 1),
(23, '2021_08_31_055307_create_post_categories_table', 1),
(24, '2021_09_04_173410_create_newsletters_table', 1),
(25, '2021_09_05_155120_create_contacts_table', 1);

-- --------------------------------------------------------

--
-- Table structure for table `newsletters`
--

CREATE TABLE `newsletters` (
  `id` bigint(20) UNSIGNED NOT NULL,
  `user_id` int(11) NOT NULL,
  `email` varchar(255) NOT NULL,
  `status` int(11) DEFAULT NULL,
  `created_at` timestamp NULL DEFAULT NULL,
  `updated_at` timestamp NULL DEFAULT NULL
) ENGINE=InnoDB DEFAULT CHARSET=utf8mb4 COLLATE=utf8mb4_unicode_ci;

-- --------------------------------------------------------

--
-- Table structure for table `orders`
--

CREATE TABLE `orders` (
  `id` bigint(20) UNSIGNED NOT NULL,
  `user_id` int(11) NOT NULL,
  `payment_type` varchar(255) NOT NULL,
  `blnc_transection` varchar(255) DEFAULT NULL,
  `subtotal` int(11) NOT NULL,
  `discount` int(11) DEFAULT NULL,
  `paying_amount` int(11) NOT NULL,
  `shipping` int(11) DEFAULT NULL,
  `vat` int(11) DEFAULT NULL,
  `status` int(11) NOT NULL DEFAULT 0,
  `status_code` int(11) NOT NULL,
  `return` int(11) NOT NULL DEFAULT 0,
  `date` varchar(255) DEFAULT NULL,
  `month` varchar(255) DEFAULT NULL,
  `year` varchar(255) DEFAULT NULL,
  `created_at` timestamp NULL DEFAULT NULL,
  `updated_at` timestamp NULL DEFAULT NULL
) ENGINE=InnoDB DEFAULT CHARSET=utf8mb4 COLLATE=utf8mb4_unicode_ci;

--
-- Dumping data for table `orders`
--

INSERT INTO `orders` (`id`, `user_id`, `payment_type`, `blnc_transection`, `subtotal`, `discount`, `paying_amount`, `shipping`, `vat`, `status`, `status_code`, `return`, `date`, `month`, `year`, `created_at`, `updated_at`) VALUES
(1, 1, 'cash_on', NULL, 2198, 0, 2278, 80, 0, 3, 549436, 0, '02-26-23', 'February', '2023', NULL, NULL),
(2, 2, 'cash_on', NULL, 1190, 0, 1340, 150, 0, 3, 931112, 0, '02-26-23', 'February', '2023', NULL, NULL),
(3, 3, 'cash_on', NULL, 1199, 0, 1349, 150, 0, 3, 118389, 0, '02-27-23', 'February', '2023', NULL, NULL);

-- --------------------------------------------------------

--
-- Table structure for table `order_details`
--

CREATE TABLE `order_details` (
  `id` bigint(20) UNSIGNED NOT NULL,
  `user_id` int(11) NOT NULL,
  `order_id` int(11) NOT NULL,
  `product_id` int(11) NOT NULL,
  `color` varchar(255) DEFAULT NULL,
  `size` varchar(255) DEFAULT NULL,
  `quantity` int(11) NOT NULL,
  `price` int(11) NOT NULL,
  `shipping` int(11) DEFAULT NULL,
  `vat` int(11) DEFAULT NULL,
  `subtotal` int(11) NOT NULL,
  `created_at` timestamp NULL DEFAULT NULL,
  `updated_at` timestamp NULL DEFAULT NULL
) ENGINE=InnoDB DEFAULT CHARSET=utf8mb4 COLLATE=utf8mb4_unicode_ci;

--
-- Dumping data for table `order_details`
--

INSERT INTO `order_details` (`id`, `user_id`, `order_id`, `product_id`, `color`, `size`, `quantity`, `price`, `shipping`, `vat`, `subtotal`, `created_at`, `updated_at`) VALUES
(1, 1, 1, 8, 'Black', '39', 1, 999, 80, 0, 999, NULL, NULL),
(2, 1, 1, 9, 'Red', '35', 1, 1199, 80, 0, 1199, NULL, NULL),
(3, 2, 2, 16, 'Orange', '35', 1, 1190, 150, 0, 1190, NULL, NULL),
(4, 3, 3, 27, NULL, NULL, 1, 1199, 150, 0, 1199, NULL, NULL);

-- --------------------------------------------------------

--
-- Table structure for table `password_resets`
--

CREATE TABLE `password_resets` (
  `email` varchar(255) NOT NULL,
  `token` varchar(255) NOT NULL,
  `created_at` timestamp NULL DEFAULT NULL
) ENGINE=InnoDB DEFAULT CHARSET=utf8mb4 COLLATE=utf8mb4_unicode_ci;

-- --------------------------------------------------------

--
-- Table structure for table `personal_access_tokens`
--

CREATE TABLE `personal_access_tokens` (
  `id` bigint(20) UNSIGNED NOT NULL,
  `tokenable_type` varchar(255) NOT NULL,
  `tokenable_id` bigint(20) UNSIGNED NOT NULL,
  `name` varchar(255) NOT NULL,
  `token` varchar(64) NOT NULL,
  `abilities` text DEFAULT NULL,
  `last_used_at` timestamp NULL DEFAULT NULL,
  `expires_at` timestamp NULL DEFAULT NULL,
  `created_at` timestamp NULL DEFAULT NULL,
  `updated_at` timestamp NULL DEFAULT NULL
) ENGINE=InnoDB DEFAULT CHARSET=utf8mb4 COLLATE=utf8mb4_unicode_ci;

-- --------------------------------------------------------

--
-- Table structure for table `posts`
--

CREATE TABLE `posts` (
  `id` bigint(20) UNSIGNED NOT NULL,
  `category_id` int(11) NOT NULL,
  `post_title_eng` varchar(255) NOT NULL,
  `post_title_bng` varchar(255) NOT NULL,
  `post_image` varchar(255) NOT NULL,
  `post_details_eng` text NOT NULL,
  `post_details_bng` text NOT NULL,
  `created_at` timestamp NULL DEFAULT NULL,
  `updated_at` timestamp NULL DEFAULT NULL
) ENGINE=InnoDB DEFAULT CHARSET=utf8mb4 COLLATE=utf8mb4_unicode_ci;

-- --------------------------------------------------------

--
-- Table structure for table `post_categories`
--

CREATE TABLE `post_categories` (
  `id` bigint(20) UNSIGNED NOT NULL,
  `category_name_eng` varchar(255) NOT NULL,
  `category_name_bng` varchar(255) NOT NULL,
  `created_at` timestamp NULL DEFAULT NULL,
  `updated_at` timestamp NULL DEFAULT NULL
) ENGINE=InnoDB DEFAULT CHARSET=utf8mb4 COLLATE=utf8mb4_unicode_ci;

-- --------------------------------------------------------

--
-- Table structure for table `products`
--

CREATE TABLE `products` (
  `id` bigint(20) UNSIGNED NOT NULL,
  `file_id` bigint(20) UNSIGNED DEFAULT NULL,
  `category_id` int(11) DEFAULT NULL,
  `subcategory_id` int(11) DEFAULT NULL,
  `brand_id` int(11) DEFAULT NULL,
  `product_name` varchar(255) NOT NULL,
  `product_code` varchar(255) NOT NULL,
  `product_quantity` int(11) NOT NULL,
  `product_details` text NOT NULL,
  `product_color` varchar(255) NOT NULL,
  `product_size` varchar(255) NOT NULL,
  `selling_price` int(11) NOT NULL,
  `discount_price` int(11) DEFAULT NULL,
  `main_slider` int(11) DEFAULT NULL,
  `hot_deal` int(11) DEFAULT NULL,
  `best_rated` int(11) DEFAULT NULL,
  `mid_slider` int(11) DEFAULT NULL,
  `trend` varchar(255) DEFAULT NULL,
  `image_one` varchar(255) DEFAULT NULL,
  `image_two` varchar(255) DEFAULT NULL,
  `image_three` varchar(255) DEFAULT NULL,
  `status` tinyint(1) NOT NULL DEFAULT 0,
  `created_at` timestamp NULL DEFAULT NULL,
  `updated_at` timestamp NULL DEFAULT NULL
) ENGINE=InnoDB DEFAULT CHARSET=utf8mb4 COLLATE=utf8mb4_unicode_ci;

--
-- Dumping data for table `products`
--

INSERT INTO `products` (`id`, `file_id`, `category_id`, `subcategory_id`, `brand_id`, `product_name`, `product_code`, `product_quantity`, `product_details`, `product_color`, `product_size`, `selling_price`, `discount_price`, `main_slider`, `hot_deal`, `best_rated`, `mid_slider`, `trend`, `image_one`, `image_two`, `image_three`, `status`, `created_at`, `updated_at`) VALUES
(3, NULL, 1, 1, 1, 'Women Shoes', 'sdf', 111, 'value=\"value=\"value=\"<p>sdfs<br></p>\"\"\"', 'red,black,green,white', '38,39,40,42,43', 1000, 750, 1, 1, 1, 1, '1', NULL, NULL, NULL, 0, '2023-02-25 14:40:33', '2023-02-26 01:56:53'),
(6, NULL, 3, 4, 2, 'Women Sandals Style Summer Shoes', '55', 100, '<div dir=\"auto\" style=\"font-family: &quot;Segoe UI Historic&quot;, &quot;Segoe UI&quot;, Helvetica, Arial, sans-serif; color: rgb(5, 5, 5); font-size: 15px; white-space: pre-wrap;\"><span class=\"x3nfvp2 x1j61x8r x1fcty0u xdj266r xhhsvwb xat24cr xgzva0m xxymvpz xlup9mm x1kky2od\" style=\"width: 16px; display: inline-flex; margin: 0px 1px; height: 16px; vertical-align: middle; font-family: inherit;\"><img height=\"16\" width=\"16\" alt=\"🔸\" referrerpolicy=\"origin-when-cross-origin\" src=\"https://static.xx.fbcdn.net/images/emoji.php/v9/t72/1/16/1f538.png\" style=\"border: 0px;\"></span> Premium Quality Shoes.</div><div dir=\"auto\" style=\"font-family: &quot;Segoe UI Historic&quot;, &quot;Segoe UI&quot;, Helvetica, Arial, sans-serif; color: rgb(5, 5, 5); font-size: 15px; white-space: pre-wrap;\">Ladies Grab the Fashionable Heels and Sandals</div><div dir=\"auto\" style=\"font-family: &quot;Segoe UI Historic&quot;, &quot;Segoe UI&quot;, Helvetica, Arial, sans-serif; color: rgb(5, 5, 5); font-size: 15px; white-space: pre-wrap;\">Size: 35,36,37,38,39,40,41</div><div dir=\"auto\" style=\"font-family: &quot;Segoe UI Historic&quot;, &quot;Segoe UI&quot;, Helvetica, Arial, sans-serif; color: rgb(5, 5, 5); font-size: 15px; white-space: pre-wrap;\">(34/42,43,44)</div><div dir=\"auto\" style=\"font-family: &quot;Segoe UI Historic&quot;, &quot;Segoe UI&quot;, Helvetica, Arial, sans-serif; color: rgb(5, 5, 5); font-size: 15px; white-space: pre-wrap;\">Customizable- Any size and any heels</div><div dir=\"auto\" style=\"font-family: &quot;Segoe UI Historic&quot;, &quot;Segoe UI&quot;, Helvetica, Arial, sans-serif; color: rgb(5, 5, 5); font-size: 15px; white-space: pre-wrap;\"><span style=\"font-family: inherit;\"><a tabindex=\"-1\" style=\"color: rgb(56, 88, 152); cursor: pointer; font-family: inherit;\"></a></span>Heel: Flat heel </div><div dir=\"auto\" style=\"font-family: &quot;Segoe UI Historic&quot;, &quot;Segoe UI&quot;, Helvetica, Arial, sans-serif; color: rgb(5, 5, 5); font-size: 15px; white-space: pre-wrap;\">Sole: Rubber</div><div dir=\"auto\" style=\"font-family: &quot;Segoe UI Historic&quot;, &quot;Segoe UI&quot;, Helvetica, Arial, sans-serif; color: rgb(5, 5, 5); font-size: 15px; white-space: pre-wrap;\">(You Can Order Customize Designs and Color as Per Your Choice){Conditions apply}</div><div dir=\"auto\" style=\"font-family: &quot;Segoe UI Historic&quot;, &quot;Segoe UI&quot;, Helvetica, Arial, sans-serif; color: rgb(5, 5, 5); font-size: 15px; white-space: pre-wrap;\">To order click here: <span style=\"font-family: inherit;\"><a class=\"x1i10hfl xjbqb8w x6umtig x1b1mbwd xaqea5y xav7gou x9f619 x1ypdohk xt0psk2 xe8uvvx xdj266r x11i5rnm xat24cr x1mh8g0r xexx8yu x4uap5 x18d9i69 xkhd6sd x16tdsg8 x1hl2dhg xggy1nq x1a2a7pz xt0b8zv x1fey0fg\" href=\"https://m.me/happyheels2020?fbclid=IwAR0IDP6p0_rTCU9q5WeZlb8QFWUUfGX0Tn-wERndKzfy5IvTXNycoVW48t0\" rel=\"nofollow noopener\" role=\"link\" tabindex=\"0\" target=\"_blank\" style=\"color: var(--blue-link); cursor: pointer; text-decoration-line: underline; margin: 0px; text-align: inherit; padding: 0px; outline: none; border-width: 0px; border-style: initial; border-color: initial; -webkit-tap-highlight-color: transparent; box-sizing: border-box; list-style: none; display: inline; font-family: inherit;\">m.me/happyheels2020</a></span></div>', 'Black,Red,Master,Crime,Ash', '35,36,37,38,39,40,41', 999, 799, NULL, 1, 1, NULL, '1', NULL, NULL, NULL, 1, '2023-02-25 23:58:55', '2023-02-25 23:59:03'),
(7, NULL, 5, 5, 2, 'Women Fashionable Dressy High Heels Party Club Shoes', '57', 90, 'value=\"value=\"<h1 id=\"title\" class=\"a-size-large a-spacing-none a-color-secondary\" style=\"box-sizing: border-box; padding: 0px; margin-right: 0px; margin-left: 0px; text-rendering: optimizelegibility; font-family: &quot;Amazon Ember&quot;, Arial, sans-serif; margin-bottom: 0px !important; font-size: 24px !important; line-height: 32px !important; color: rgb(86, 89, 89) !important;\"><div dir=\"auto\" style=\"font-family: &quot;Segoe UI Historic&quot;, &quot;Segoe UI&quot;, Helvetica, Arial, sans-serif; color: rgb(5, 5, 5); font-size: 15px; white-space: pre-wrap;\"><span class=\"x3nfvp2 x1j61x8r x1fcty0u xdj266r xhhsvwb xat24cr xgzva0m xxymvpz xlup9mm x1kky2od\" style=\"width: 16px; display: inline-flex; margin: 0px 1px; height: 16px; vertical-align: middle; font-family: inherit;\"><img height=\"16\" width=\"16\" alt=\"🔸\" referrerpolicy=\"origin-when-cross-origin\" src=\"https://static.xx.fbcdn.net/images/emoji.php/v9/t72/1/16/1f538.png\" style=\"border: 0px;\"></span> Premium Quality Shoes.</div><div dir=\"auto\" style=\"font-family: &quot;Segoe UI Historic&quot;, &quot;Segoe UI&quot;, Helvetica, Arial, sans-serif; color: rgb(5, 5, 5); font-size: 15px; white-space: pre-wrap;\">Ladies Grab the Fashionable Heels and Sandals</div><div dir=\"auto\" style=\"font-family: &quot;Segoe UI Historic&quot;, &quot;Segoe UI&quot;, Helvetica, Arial, sans-serif; color: rgb(5, 5, 5); font-size: 15px; white-space: pre-wrap;\">Size: 35,36,37,38,39,40,41</div><div dir=\"auto\" style=\"font-family: &quot;Segoe UI Historic&quot;, &quot;Segoe UI&quot;, Helvetica, Arial, sans-serif; color: rgb(5, 5, 5); font-size: 15px; white-space: pre-wrap;\">(34/42,43,44)</div><div dir=\"auto\" style=\"font-family: &quot;Segoe UI Historic&quot;, &quot;Segoe UI&quot;, Helvetica, Arial, sans-serif; color: rgb(5, 5, 5); font-size: 15px; white-space: pre-wrap;\">Customizable- Any size and any heels</div><div dir=\"auto\" style=\"font-family: &quot;Segoe UI Historic&quot;, &quot;Segoe UI&quot;, Helvetica, Arial, sans-serif; color: rgb(5, 5, 5); font-size: 15px; white-space: pre-wrap;\"><span style=\"font-family: inherit;\"><a tabindex=\"-1\" style=\"color: rgb(56, 88, 152); cursor: pointer; font-family: inherit;\"></a></span>Heel: 3 inch box heels </div><div dir=\"auto\" style=\"font-family: &quot;Segoe UI Historic&quot;, &quot;Segoe UI&quot;, Helvetica, Arial, sans-serif; color: rgb(5, 5, 5); font-size: 15px; white-space: pre-wrap;\">Sole: Rubber</div><div dir=\"auto\" style=\"font-family: &quot;Segoe UI Historic&quot;, &quot;Segoe UI&quot;, Helvetica, Arial, sans-serif; color: rgb(5, 5, 5); font-size: 15px; white-space: pre-wrap;\">(You Can Order Customize Designs and Color as Per Your Choice){Conditions apply}</div><div dir=\"auto\" style=\"font-family: &quot;Segoe UI Historic&quot;, &quot;Segoe UI&quot;, Helvetica, Arial, sans-serif; color: rgb(5, 5, 5); font-size: 15px; white-space: pre-wrap;\">To order click here: <span style=\"font-family: inherit;\"><a class=\"x1i10hfl xjbqb8w x6umtig x1b1mbwd xaqea5y xav7gou x9f619 x1ypdohk xt0psk2 xe8uvvx xdj266r x11i5rnm xat24cr x1mh8g0r xexx8yu x4uap5 x18d9i69 xkhd6sd x16tdsg8 x1hl2dhg xggy1nq x1a2a7pz xt0b8zv x1fey0fg\" href=\"https://m.me/happyheels2020?fbclid=IwAR0IDP6p0_rTCU9q5WeZlb8QFWUUfGX0Tn-wERndKzfy5IvTXNycoVW48t0\" rel=\"nofollow noopener\" role=\"link\" tabindex=\"0\" target=\"_blank\" style=\"color: var(--blue-link); cursor: pointer; margin: 0px; text-align: inherit; padding: 0px; outline: none; border-width: 0px; border-style: initial; border-color: initial; -webkit-tap-highlight-color: transparent; box-sizing: border-box; list-style: none; display: inline; font-family: inherit;\">m.me/happyheels2020</a></span></div></h1>\"\"', 'Black,Maroon,Red,Orange,Cream', '35,36,37,38,39,40,41', 1499, 1199, NULL, 1, 1, NULL, '1', NULL, NULL, NULL, 1, '2023-02-26 00:25:07', '2023-02-26 01:31:26'),
(8, NULL, 3, 4, 2, 'Summer sandals singback women sandals 2023', '89', 119, 'value=\"<div dir=\"auto\" style=\"font-family: &quot;Segoe UI Historic&quot;, &quot;Segoe UI&quot;, Helvetica, Arial, sans-serif; color: rgb(5, 5, 5); font-size: 15px; white-space: pre-wrap;\"><span class=\"x3nfvp2 x1j61x8r x1fcty0u xdj266r xhhsvwb xat24cr xgzva0m xxymvpz xlup9mm x1kky2od\" style=\"width: 16px; display: inline-flex; margin: 0px 1px; height: 16px; vertical-align: middle; font-family: inherit;\"><img height=\"16\" width=\"16\" alt=\"🔸\" referrerpolicy=\"origin-when-cross-origin\" src=\"https://static.xx.fbcdn.net/images/emoji.php/v9/t72/1/16/1f538.png\" style=\"border: 0px;\"></span> Premium Quality Shoes.</div><div dir=\"auto\" style=\"font-family: &quot;Segoe UI Historic&quot;, &quot;Segoe UI&quot;, Helvetica, Arial, sans-serif; color: rgb(5, 5, 5); font-size: 15px; white-space: pre-wrap;\">Ladies Grab the Fashionable Heels and Sandals</div><div dir=\"auto\" style=\"font-family: &quot;Segoe UI Historic&quot;, &quot;Segoe UI&quot;, Helvetica, Arial, sans-serif; color: rgb(5, 5, 5); font-size: 15px; white-space: pre-wrap;\">Size: 35,36,37,38,39,40,41</div><div dir=\"auto\" style=\"font-family: &quot;Segoe UI Historic&quot;, &quot;Segoe UI&quot;, Helvetica, Arial, sans-serif; color: rgb(5, 5, 5); font-size: 15px; white-space: pre-wrap;\">(34/42,43,44)</div><div dir=\"auto\" style=\"font-family: &quot;Segoe UI Historic&quot;, &quot;Segoe UI&quot;, Helvetica, Arial, sans-serif; color: rgb(5, 5, 5); font-size: 15px; white-space: pre-wrap;\">Customizable- Any size and any heels</div><div dir=\"auto\" style=\"font-family: &quot;Segoe UI Historic&quot;, &quot;Segoe UI&quot;, Helvetica, Arial, sans-serif; color: rgb(5, 5, 5); font-size: 15px; white-space: pre-wrap;\"><span style=\"font-family: inherit;\"><a tabindex=\"-1\" style=\"color: rgb(56, 88, 152); cursor: pointer; font-family: inherit;\"></a></span>Heel: 1 inch box heel </div><div dir=\"auto\" style=\"font-family: &quot;Segoe UI Historic&quot;, &quot;Segoe UI&quot;, Helvetica, Arial, sans-serif; color: rgb(5, 5, 5); font-size: 15px; white-space: pre-wrap;\">Sole: Rubber</div><div dir=\"auto\" style=\"font-family: &quot;Segoe UI Historic&quot;, &quot;Segoe UI&quot;, Helvetica, Arial, sans-serif; color: rgb(5, 5, 5); font-size: 15px; white-space: pre-wrap;\">(You Can Order Customize Designs and Color as Per Your Choice){Conditions apply}</div><div dir=\"auto\" style=\"font-family: &quot;Segoe UI Historic&quot;, &quot;Segoe UI&quot;, Helvetica, Arial, sans-serif; color: rgb(5, 5, 5); font-size: 15px; white-space: pre-wrap;\">To order click here: <span style=\"font-family: inherit;\"><a class=\"x1i10hfl xjbqb8w x6umtig x1b1mbwd xaqea5y xav7gou x9f619 x1ypdohk xt0psk2 xe8uvvx xdj266r x11i5rnm xat24cr x1mh8g0r xexx8yu x4uap5 x18d9i69 xkhd6sd x16tdsg8 x1hl2dhg xggy1nq x1a2a7pz xt0b8zv x1fey0fg\" href=\"https://m.me/happyheels2020?fbclid=IwAR0IDP6p0_rTCU9q5WeZlb8QFWUUfGX0Tn-wERndKzfy5IvTXNycoVW48t0\" rel=\"nofollow noopener\" role=\"link\" tabindex=\"0\" target=\"_blank\" style=\"color: var(--blue-link); cursor: pointer; margin: 0px; text-align: inherit; padding: 0px; outline: none; border-width: 0px; border-style: initial; border-color: initial; -webkit-tap-highlight-color: transparent; box-sizing: border-box; list-style: none; display: inline; font-family: inherit;\">m.me/happyheels2020</a></span></div>\"', 'Pink,Black,White,Master', '35,36,37,38,39,40,41', 1199, 999, NULL, 1, 1, NULL, '1', NULL, NULL, NULL, 1, '2023-02-26 00:48:23', '2023-02-26 02:04:52'),
(9, NULL, 3, 4, 2, 'Ladies Formal Mid Party Heels', '35', 49, 'value=\"<div dir=\"auto\" style=\"font-family: &quot;Segoe UI Historic&quot;, &quot;Segoe UI&quot;, Helvetica, Arial, sans-serif; color: rgb(5, 5, 5); font-size: 15px; white-space: pre-wrap;\"><span class=\"x3nfvp2 x1j61x8r x1fcty0u xdj266r xhhsvwb xat24cr xgzva0m xxymvpz xlup9mm x1kky2od\" style=\"width: 16px; display: inline-flex; margin: 0px 1px; height: 16px; vertical-align: middle; font-family: inherit;\"><img height=\"16\" width=\"16\" alt=\"🔸\" referrerpolicy=\"origin-when-cross-origin\" src=\"https://static.xx.fbcdn.net/images/emoji.php/v9/t72/1/16/1f538.png\" style=\"border: 0px;\"></span> Premium Quality Shoes.</div><div dir=\"auto\" style=\"font-family: &quot;Segoe UI Historic&quot;, &quot;Segoe UI&quot;, Helvetica, Arial, sans-serif; color: rgb(5, 5, 5); font-size: 15px; white-space: pre-wrap;\">Ladies Grab the Fashionable Heels and Sandals</div><div dir=\"auto\" style=\"font-family: &quot;Segoe UI Historic&quot;, &quot;Segoe UI&quot;, Helvetica, Arial, sans-serif; color: rgb(5, 5, 5); font-size: 15px; white-space: pre-wrap;\">Size: 35,36,37,38,39,40,41</div><div dir=\"auto\" style=\"font-family: &quot;Segoe UI Historic&quot;, &quot;Segoe UI&quot;, Helvetica, Arial, sans-serif; color: rgb(5, 5, 5); font-size: 15px; white-space: pre-wrap;\">(34/42,43,44)</div><div dir=\"auto\" style=\"font-family: &quot;Segoe UI Historic&quot;, &quot;Segoe UI&quot;, Helvetica, Arial, sans-serif; color: rgb(5, 5, 5); font-size: 15px; white-space: pre-wrap;\">Customizable- Any size and any heels</div><div dir=\"auto\" style=\"font-family: &quot;Segoe UI Historic&quot;, &quot;Segoe UI&quot;, Helvetica, Arial, sans-serif; color: rgb(5, 5, 5); font-size: 15px; white-space: pre-wrap;\"><span style=\"font-family: inherit;\"><a tabindex=\"-1\" style=\"color: rgb(56, 88, 152); cursor: pointer; font-family: inherit;\"></a></span>Heel: 3 inch pencil heels</div><div dir=\"auto\" style=\"font-family: &quot;Segoe UI Historic&quot;, &quot;Segoe UI&quot;, Helvetica, Arial, sans-serif; color: rgb(5, 5, 5); font-size: 15px; white-space: pre-wrap;\">Sole: Rubber</div><div dir=\"auto\" style=\"font-family: &quot;Segoe UI Historic&quot;, &quot;Segoe UI&quot;, Helvetica, Arial, sans-serif; color: rgb(5, 5, 5); font-size: 15px; white-space: pre-wrap;\">(You Can Order Customize Designs and Color as Per Your Choice){Conditions apply}</div><div dir=\"auto\" style=\"font-family: &quot;Segoe UI Historic&quot;, &quot;Segoe UI&quot;, Helvetica, Arial, sans-serif; color: rgb(5, 5, 5); font-size: 15px; white-space: pre-wrap;\">To order click here: <span style=\"font-family: inherit;\"><a class=\"x1i10hfl xjbqb8w x6umtig x1b1mbwd xaqea5y xav7gou x9f619 x1ypdohk xt0psk2 xe8uvvx xdj266r x11i5rnm xat24cr x1mh8g0r xexx8yu x4uap5 x18d9i69 xkhd6sd x16tdsg8 x1hl2dhg xggy1nq x1a2a7pz xt0b8zv x1fey0fg\" href=\"https://m.me/happyheels2020?fbclid=IwAR0IDP6p0_rTCU9q5WeZlb8QFWUUfGX0Tn-wERndKzfy5IvTXNycoVW48t0\" rel=\"nofollow noopener\" role=\"link\" tabindex=\"0\" target=\"_blank\" style=\"color: var(--blue-link); cursor: pointer; margin: 0px; text-align: inherit; padding: 0px; outline: none; border-width: 0px; border-style: initial; border-color: initial; -webkit-tap-highlight-color: transparent; box-sizing: border-box; list-style: none; display: inline; font-family: inherit;\">m.me/happyheels2020</a></span></div>\"', 'Red,Black,White,Pink,Cream', '35,36,37,38,39,40,41', 1499, 1199, NULL, NULL, 1, NULL, '1', NULL, NULL, NULL, 1, '2023-02-26 01:06:08', '2023-02-26 02:04:52'),
(10, NULL, 3, 4, 2, 'Pointed toe half shoe', '79', 55, '<div dir=\"auto\" style=\"font-family: &quot;Segoe UI Historic&quot;, &quot;Segoe UI&quot;, Helvetica, Arial, sans-serif; color: rgb(5, 5, 5); font-size: 15px; white-space: pre-wrap;\"><span class=\"x3nfvp2 x1j61x8r x1fcty0u xdj266r xhhsvwb xat24cr xgzva0m xxymvpz xlup9mm x1kky2od\" style=\"width: 16px; display: inline-flex; margin: 0px 1px; height: 16px; vertical-align: middle; font-family: inherit;\"><img height=\"16\" width=\"16\" alt=\"🔸\" referrerpolicy=\"origin-when-cross-origin\" src=\"https://static.xx.fbcdn.net/images/emoji.php/v9/t72/1/16/1f538.png\" style=\"border: 0px;\"></span> Premium Quality Shoes.</div><div dir=\"auto\" style=\"font-family: &quot;Segoe UI Historic&quot;, &quot;Segoe UI&quot;, Helvetica, Arial, sans-serif; color: rgb(5, 5, 5); font-size: 15px; white-space: pre-wrap;\">Ladies Grab the Fashionable Heels and Sandals</div><div dir=\"auto\" style=\"font-family: &quot;Segoe UI Historic&quot;, &quot;Segoe UI&quot;, Helvetica, Arial, sans-serif; color: rgb(5, 5, 5); font-size: 15px; white-space: pre-wrap;\">Size: 35,36,37,38,39,40,41</div><div dir=\"auto\" style=\"font-family: &quot;Segoe UI Historic&quot;, &quot;Segoe UI&quot;, Helvetica, Arial, sans-serif; color: rgb(5, 5, 5); font-size: 15px; white-space: pre-wrap;\">(34/42,43,44)</div><div dir=\"auto\" style=\"font-family: &quot;Segoe UI Historic&quot;, &quot;Segoe UI&quot;, Helvetica, Arial, sans-serif; color: rgb(5, 5, 5); font-size: 15px; white-space: pre-wrap;\">Customizable- Any size and any heels</div><div dir=\"auto\" style=\"font-family: &quot;Segoe UI Historic&quot;, &quot;Segoe UI&quot;, Helvetica, Arial, sans-serif; color: rgb(5, 5, 5); font-size: 15px; white-space: pre-wrap;\"><span style=\"font-family: inherit;\"><a tabindex=\"-1\" style=\"color: rgb(56, 88, 152); cursor: pointer; font-family: inherit;\"></a></span>Heel: 1 inch box heel </div><div dir=\"auto\" style=\"font-family: &quot;Segoe UI Historic&quot;, &quot;Segoe UI&quot;, Helvetica, Arial, sans-serif; color: rgb(5, 5, 5); font-size: 15px; white-space: pre-wrap;\">Sole: Rubber</div><div dir=\"auto\" style=\"font-family: &quot;Segoe UI Historic&quot;, &quot;Segoe UI&quot;, Helvetica, Arial, sans-serif; color: rgb(5, 5, 5); font-size: 15px; white-space: pre-wrap;\">(You Can Order Customize Designs and Color as Per Your Choice){Conditions apply}</div><div dir=\"auto\" style=\"font-family: &quot;Segoe UI Historic&quot;, &quot;Segoe UI&quot;, Helvetica, Arial, sans-serif; color: rgb(5, 5, 5); font-size: 15px; white-space: pre-wrap;\">To order click here: <span style=\"font-family: inherit;\"><a class=\"x1i10hfl xjbqb8w x6umtig x1b1mbwd xaqea5y xav7gou x9f619 x1ypdohk xt0psk2 xe8uvvx xdj266r x11i5rnm xat24cr x1mh8g0r xexx8yu x4uap5 x18d9i69 xkhd6sd x16tdsg8 x1hl2dhg xggy1nq x1a2a7pz xt0b8zv x1fey0fg\" href=\"https://m.me/happyheels2020?fbclid=IwAR0IDP6p0_rTCU9q5WeZlb8QFWUUfGX0Tn-wERndKzfy5IvTXNycoVW48t0\" rel=\"nofollow noopener\" role=\"link\" tabindex=\"0\" target=\"_blank\" style=\"color: var(--blue-link); cursor: pointer; margin: 0px; text-align: inherit; padding: 0px; outline: none; border-width: 0px; border-style: initial; border-color: initial; -webkit-tap-highlight-color: transparent; box-sizing: border-box; list-style: none; display: inline; font-family: inherit;\">m.me/happyheels2020</a></span></div>', 'Cream,White,Master,Black', '35,36,37,38,39,40,41', 1199, 999, NULL, 1, 1, NULL, NULL, NULL, NULL, NULL, 1, '2023-02-26 01:30:09', '2023-02-26 01:30:15'),
(11, NULL, 4, 7, 2, 'MINT DOUBLE RUCHED CASUAL FLATS SANDALS', '83', 45, 'value=\"value=\"<div dir=\"auto\" style=\"font-family: &quot;Segoe UI Historic&quot;, &quot;Segoe UI&quot;, Helvetica, Arial, sans-serif; color: rgb(5, 5, 5); font-size: 15px; white-space: pre-wrap;\"><span class=\"x3nfvp2 x1j61x8r x1fcty0u xdj266r xhhsvwb xat24cr xgzva0m xxymvpz xlup9mm x1kky2od\" style=\"width: 16px; display: inline-flex; margin: 0px 1px; height: 16px; vertical-align: middle; font-family: inherit;\"><img height=\"16\" width=\"16\" alt=\"🔸\" referrerpolicy=\"origin-when-cross-origin\" src=\"https://static.xx.fbcdn.net/images/emoji.php/v9/t72/1/16/1f538.png\" style=\"border: 0px;\"></span> Premium Quality Shoes.</div><div dir=\"auto\" style=\"font-family: &quot;Segoe UI Historic&quot;, &quot;Segoe UI&quot;, Helvetica, Arial, sans-serif; color: rgb(5, 5, 5); font-size: 15px; white-space: pre-wrap;\">Ladies Grab the Fashionable Heels and Sandals</div><div dir=\"auto\" style=\"font-family: &quot;Segoe UI Historic&quot;, &quot;Segoe UI&quot;, Helvetica, Arial, sans-serif; color: rgb(5, 5, 5); font-size: 15px; white-space: pre-wrap;\">Size: 35,36,37,38,39,40,41</div><div dir=\"auto\" style=\"font-family: &quot;Segoe UI Historic&quot;, &quot;Segoe UI&quot;, Helvetica, Arial, sans-serif; color: rgb(5, 5, 5); font-size: 15px; white-space: pre-wrap;\">(34/42,43,44)</div><div dir=\"auto\" style=\"font-family: &quot;Segoe UI Historic&quot;, &quot;Segoe UI&quot;, Helvetica, Arial, sans-serif; color: rgb(5, 5, 5); font-size: 15px; white-space: pre-wrap;\">Customizable- Any size and any heels</div><div dir=\"auto\" style=\"font-family: &quot;Segoe UI Historic&quot;, &quot;Segoe UI&quot;, Helvetica, Arial, sans-serif; color: rgb(5, 5, 5); font-size: 15px; white-space: pre-wrap;\"><span style=\"font-family: inherit;\"><a tabindex=\"-1\" style=\"color: rgb(56, 88, 152); cursor: pointer; font-family: inherit;\"></a></span>Heel: Flat heel </div><div dir=\"auto\" style=\"font-family: &quot;Segoe UI Historic&quot;, &quot;Segoe UI&quot;, Helvetica, Arial, sans-serif; color: rgb(5, 5, 5); font-size: 15px; white-space: pre-wrap;\">Sole: Rubber</div><div dir=\"auto\" style=\"font-family: &quot;Segoe UI Historic&quot;, &quot;Segoe UI&quot;, Helvetica, Arial, sans-serif; color: rgb(5, 5, 5); font-size: 15px; white-space: pre-wrap;\">(You Can Order Customize Designs and Color as Per Your Choice){Conditions apply}</div><div dir=\"auto\" style=\"font-family: &quot;Segoe UI Historic&quot;, &quot;Segoe UI&quot;, Helvetica, Arial, sans-serif; color: rgb(5, 5, 5); font-size: 15px; white-space: pre-wrap;\">To order click here: <span style=\"font-family: inherit;\"><a class=\"x1i10hfl xjbqb8w x6umtig x1b1mbwd xaqea5y xav7gou x9f619 x1ypdohk xt0psk2 xe8uvvx xdj266r x11i5rnm xat24cr x1mh8g0r xexx8yu x4uap5 x18d9i69 xkhd6sd x16tdsg8 x1hl2dhg xggy1nq x1a2a7pz xt0b8zv x1fey0fg\" href=\"https://m.me/happyheels2020?fbclid=IwAR0IDP6p0_rTCU9q5WeZlb8QFWUUfGX0Tn-wERndKzfy5IvTXNycoVW48t0\" rel=\"nofollow noopener\" role=\"link\" tabindex=\"0\" target=\"_blank\" style=\"color: var(--blue-link); cursor: pointer; margin: 0px; text-align: inherit; padding: 0px; outline: none; border-width: 0px; border-style: initial; border-color: initial; -webkit-tap-highlight-color: transparent; box-sizing: border-box; list-style: none; display: inline; font-family: inherit;\">m.me/happyheels2020</a></span></div>\"\"', 'Cream,Black,Master,Ash', '35,36,37,38,39,40,41', 1199, 999, NULL, NULL, 1, NULL, '1', NULL, NULL, NULL, 1, '2023-02-26 05:28:35', '2023-02-26 05:32:26'),
(12, NULL, 5, 5, 2, 'ANKLE STRAP HIGH HEELS', '15', 35, '<div dir=\"auto\" style=\"font-family: &quot;Segoe UI Historic&quot;, &quot;Segoe UI&quot;, Helvetica, Arial, sans-serif; color: rgb(5, 5, 5); font-size: 15px; white-space: pre-wrap;\"><span class=\"x3nfvp2 x1j61x8r x1fcty0u xdj266r xhhsvwb xat24cr xgzva0m xxymvpz xlup9mm x1kky2od\" style=\"width: 16px; display: inline-flex; margin: 0px 1px; height: 16px; vertical-align: middle; font-family: inherit;\"><img height=\"16\" width=\"16\" alt=\"🔸\" referrerpolicy=\"origin-when-cross-origin\" src=\"https://static.xx.fbcdn.net/images/emoji.php/v9/t72/1/16/1f538.png\" style=\"border: 0px;\"></span> Premium Quality Shoes.</div><div dir=\"auto\" style=\"font-family: &quot;Segoe UI Historic&quot;, &quot;Segoe UI&quot;, Helvetica, Arial, sans-serif; color: rgb(5, 5, 5); font-size: 15px; white-space: pre-wrap;\">Ladies Grab the Fashionable Heels and Sandals</div><div dir=\"auto\" style=\"font-family: &quot;Segoe UI Historic&quot;, &quot;Segoe UI&quot;, Helvetica, Arial, sans-serif; color: rgb(5, 5, 5); font-size: 15px; white-space: pre-wrap;\">Size: 35,36,37,38,39,40,41</div><div dir=\"auto\" style=\"font-family: &quot;Segoe UI Historic&quot;, &quot;Segoe UI&quot;, Helvetica, Arial, sans-serif; color: rgb(5, 5, 5); font-size: 15px; white-space: pre-wrap;\">(34/42,43,44)</div><div dir=\"auto\" style=\"font-family: &quot;Segoe UI Historic&quot;, &quot;Segoe UI&quot;, Helvetica, Arial, sans-serif; color: rgb(5, 5, 5); font-size: 15px; white-space: pre-wrap;\">Customizable- Any size and any heels</div><div dir=\"auto\" style=\"font-family: &quot;Segoe UI Historic&quot;, &quot;Segoe UI&quot;, Helvetica, Arial, sans-serif; color: rgb(5, 5, 5); font-size: 15px; white-space: pre-wrap;\"><span style=\"font-family: inherit;\"><a tabindex=\"-1\" style=\"color: rgb(56, 88, 152); cursor: pointer; font-family: inherit;\"></a></span>Heel: 3 inch Box heels </div><div dir=\"auto\" style=\"font-family: &quot;Segoe UI Historic&quot;, &quot;Segoe UI&quot;, Helvetica, Arial, sans-serif; color: rgb(5, 5, 5); font-size: 15px; white-space: pre-wrap;\">Sole: Rubber</div><div dir=\"auto\" style=\"font-family: &quot;Segoe UI Historic&quot;, &quot;Segoe UI&quot;, Helvetica, Arial, sans-serif; color: rgb(5, 5, 5); font-size: 15px; white-space: pre-wrap;\">(You Can Order Customize Designs and Color as Per Your Choice){Conditions apply}</div><div dir=\"auto\" style=\"font-family: &quot;Segoe UI Historic&quot;, &quot;Segoe UI&quot;, Helvetica, Arial, sans-serif; color: rgb(5, 5, 5); font-size: 15px; white-space: pre-wrap;\">To order click here: <span style=\"font-family: inherit;\"><a class=\"x1i10hfl xjbqb8w x6umtig x1b1mbwd xaqea5y xav7gou x9f619 x1ypdohk xt0psk2 xe8uvvx xdj266r x11i5rnm xat24cr x1mh8g0r xexx8yu x4uap5 x18d9i69 xkhd6sd x16tdsg8 x1hl2dhg xggy1nq x1a2a7pz xt0b8zv x1fey0fg\" href=\"https://m.me/happyheels2020?fbclid=IwAR0IDP6p0_rTCU9q5WeZlb8QFWUUfGX0Tn-wERndKzfy5IvTXNycoVW48t0\" rel=\"nofollow noopener\" role=\"link\" tabindex=\"0\" target=\"_blank\" style=\"color: var(--blue-link); cursor: pointer; margin: 0px; text-align: inherit; padding: 0px; outline: none; border-width: 0px; border-style: initial; border-color: initial; -webkit-tap-highlight-color: transparent; box-sizing: border-box; list-style: none; display: inline; font-family: inherit;\">m.me/happyheels2020</a></span></div>', 'Black,Gold,Rose Gold,Silver', '35,36,37,38,39,40,41', 1499, 1199, NULL, 1, 1, NULL, '1', NULL, NULL, NULL, 1, '2023-02-26 05:58:58', '2023-02-26 05:59:09'),
(13, NULL, 3, 4, 2, 'Comfy Platform Wedge Sandals Cute Ladies Transparent Heels', '45', 35, '<div dir=\"auto\" style=\"font-family: &quot;Segoe UI Historic&quot;, &quot;Segoe UI&quot;, Helvetica, Arial, sans-serif; color: rgb(5, 5, 5); font-size: 15px; white-space: pre-wrap;\"><span class=\"x3nfvp2 x1j61x8r x1fcty0u xdj266r xhhsvwb xat24cr xgzva0m xxymvpz xlup9mm x1kky2od\" style=\"width: 16px; display: inline-flex; margin: 0px 1px; height: 16px; vertical-align: middle; font-family: inherit;\"><img height=\"16\" width=\"16\" alt=\"🔸\" referrerpolicy=\"origin-when-cross-origin\" src=\"https://static.xx.fbcdn.net/images/emoji.php/v9/t72/1/16/1f538.png\" style=\"border: 0px;\"></span> Premium Quality Shoes.</div><div dir=\"auto\" style=\"font-family: &quot;Segoe UI Historic&quot;, &quot;Segoe UI&quot;, Helvetica, Arial, sans-serif; color: rgb(5, 5, 5); font-size: 15px; white-space: pre-wrap;\">Ladies Grab the Fashionable Heels and Sandals</div><div dir=\"auto\" style=\"font-family: &quot;Segoe UI Historic&quot;, &quot;Segoe UI&quot;, Helvetica, Arial, sans-serif; color: rgb(5, 5, 5); font-size: 15px; white-space: pre-wrap;\">Size: 35,36,37,38,39,40,41</div><div dir=\"auto\" style=\"font-family: &quot;Segoe UI Historic&quot;, &quot;Segoe UI&quot;, Helvetica, Arial, sans-serif; color: rgb(5, 5, 5); font-size: 15px; white-space: pre-wrap;\">         (34/42,43,44)</div><div dir=\"auto\" style=\"font-family: &quot;Segoe UI Historic&quot;, &quot;Segoe UI&quot;, Helvetica, Arial, sans-serif; color: rgb(5, 5, 5); font-size: 15px; white-space: pre-wrap;\">         Customizable- Any size and any heels</div><div dir=\"auto\" style=\"font-family: &quot;Segoe UI Historic&quot;, &quot;Segoe UI&quot;, Helvetica, Arial, sans-serif; color: rgb(5, 5, 5); font-size: 15px; white-space: pre-wrap;\"><span style=\"font-family: inherit;\"><a tabindex=\"-1\" style=\"color: rgb(56, 88, 152); cursor: pointer; font-family: inherit;\"></a></span>Heel: 2.5 inch transparent heels</div><div dir=\"auto\" style=\"font-family: &quot;Segoe UI Historic&quot;, &quot;Segoe UI&quot;, Helvetica, Arial, sans-serif; color: rgb(5, 5, 5); font-size: 15px; white-space: pre-wrap;\">Sole: Rubber</div><div dir=\"auto\" style=\"font-family: &quot;Segoe UI Historic&quot;, &quot;Segoe UI&quot;, Helvetica, Arial, sans-serif; color: rgb(5, 5, 5); font-size: 15px; white-space: pre-wrap;\">(You Can Order Customize Designs and Color as Per Your Choice){Conditions apply}</div><div dir=\"auto\" style=\"font-family: &quot;Segoe UI Historic&quot;, &quot;Segoe UI&quot;, Helvetica, Arial, sans-serif; color: rgb(5, 5, 5); font-size: 15px; white-space: pre-wrap;\">To order click here: <span style=\"font-family: inherit;\"><a class=\"x1i10hfl xjbqb8w x6umtig x1b1mbwd xaqea5y xav7gou x9f619 x1ypdohk xt0psk2 xe8uvvx xdj266r x11i5rnm xat24cr x1mh8g0r xexx8yu x4uap5 x18d9i69 xkhd6sd x16tdsg8 x1hl2dhg xggy1nq x1a2a7pz xt0b8zv x1fey0fg\" href=\"https://m.me/happyheels2020?fbclid=IwAR0IDP6p0_rTCU9q5WeZlb8QFWUUfGX0Tn-wERndKzfy5IvTXNycoVW48t0\" rel=\"nofollow noopener\" role=\"link\" tabindex=\"0\" target=\"_blank\" style=\"color: var(--blue-link); cursor: pointer; margin: 0px; text-align: inherit; padding: 0px; outline: none; border-width: 0px; border-style: initial; border-color: initial; -webkit-tap-highlight-color: transparent; box-sizing: border-box; list-style: none; display: inline; font-family: inherit;\">m.me/happyheels2020</a></span></div>', 'Cream,Black,Olive,White,Pink,Red', '35,36,37,38,39,40,41', 1199, 999, NULL, NULL, 1, NULL, '1', NULL, NULL, NULL, 1, '2023-02-26 06:15:02', '2023-02-26 06:16:06'),
(14, NULL, 4, 7, 2, 'New arrival shoes design ladies flat shoes slipper for women plus size with rhinestone', '141', 45, '<div dir=\"auto\" style=\"font-family: &quot;Segoe UI Historic&quot;, &quot;Segoe UI&quot;, Helvetica, Arial, sans-serif; color: rgb(5, 5, 5); font-size: 15px; white-space: pre-wrap;\"><span class=\"x3nfvp2 x1j61x8r x1fcty0u xdj266r xhhsvwb xat24cr xgzva0m xxymvpz xlup9mm x1kky2od\" style=\"width: 16px; display: inline-flex; margin: 0px 1px; height: 16px; vertical-align: middle; font-family: inherit;\"><img height=\"16\" width=\"16\" alt=\"🔸\" referrerpolicy=\"origin-when-cross-origin\" src=\"https://static.xx.fbcdn.net/images/emoji.php/v9/t72/1/16/1f538.png\" style=\"border: 0px;\"></span> Premium Quality Shoes.</div><div dir=\"auto\" style=\"font-family: &quot;Segoe UI Historic&quot;, &quot;Segoe UI&quot;, Helvetica, Arial, sans-serif; color: rgb(5, 5, 5); font-size: 15px; white-space: pre-wrap;\">Ladies Grab the Fashionable Heels and Sandals</div><div dir=\"auto\" style=\"font-family: &quot;Segoe UI Historic&quot;, &quot;Segoe UI&quot;, Helvetica, Arial, sans-serif; color: rgb(5, 5, 5); font-size: 15px; white-space: pre-wrap;\">Size: 35,36,37,38,39,40,41</div><div dir=\"auto\" style=\"font-family: &quot;Segoe UI Historic&quot;, &quot;Segoe UI&quot;, Helvetica, Arial, sans-serif; color: rgb(5, 5, 5); font-size: 15px; white-space: pre-wrap;\">(34/42,43,44)</div><div dir=\"auto\" style=\"font-family: &quot;Segoe UI Historic&quot;, &quot;Segoe UI&quot;, Helvetica, Arial, sans-serif; color: rgb(5, 5, 5); font-size: 15px; white-space: pre-wrap;\">Customizable- Any size and any heels</div><div dir=\"auto\" style=\"font-family: &quot;Segoe UI Historic&quot;, &quot;Segoe UI&quot;, Helvetica, Arial, sans-serif; color: rgb(5, 5, 5); font-size: 15px; white-space: pre-wrap;\"><span style=\"font-family: inherit;\"><a tabindex=\"-1\" style=\"color: rgb(56, 88, 152); cursor: pointer; font-family: inherit;\"></a></span>Heel: Flat Sandal</div><div dir=\"auto\" style=\"font-family: &quot;Segoe UI Historic&quot;, &quot;Segoe UI&quot;, Helvetica, Arial, sans-serif; color: rgb(5, 5, 5); font-size: 15px; white-space: pre-wrap;\">Sole: Rubber</div><div dir=\"auto\" style=\"font-family: &quot;Segoe UI Historic&quot;, &quot;Segoe UI&quot;, Helvetica, Arial, sans-serif; color: rgb(5, 5, 5); font-size: 15px; white-space: pre-wrap;\">(You Can Order Customize Designs and Color as Per Your Choice){Conditions apply}</div><div dir=\"auto\" style=\"font-family: &quot;Segoe UI Historic&quot;, &quot;Segoe UI&quot;, Helvetica, Arial, sans-serif; color: rgb(5, 5, 5); font-size: 15px; white-space: pre-wrap;\">To order click here: <span style=\"font-family: inherit;\"><a class=\"x1i10hfl xjbqb8w x6umtig x1b1mbwd xaqea5y xav7gou x9f619 x1ypdohk xt0psk2 xe8uvvx xdj266r x11i5rnm xat24cr x1mh8g0r xexx8yu x4uap5 x18d9i69 xkhd6sd x16tdsg8 x1hl2dhg xggy1nq x1a2a7pz xt0b8zv x1fey0fg\" href=\"https://m.me/happyheels2020?fbclid=IwAR0IDP6p0_rTCU9q5WeZlb8QFWUUfGX0Tn-wERndKzfy5IvTXNycoVW48t0\" rel=\"nofollow noopener\" role=\"link\" tabindex=\"0\" target=\"_blank\" style=\"color: var(--blue-link); cursor: pointer; margin: 0px; text-align: inherit; padding: 0px; outline: none; border-width: 0px; border-style: initial; border-color: initial; -webkit-tap-highlight-color: transparent; box-sizing: border-box; list-style: none; display: inline; font-family: inherit;\">m.me/happyheels2020</a></span></div>', 'Black with Golden,White,Black', '35,36,37,38,39,40,41', 999, 799, NULL, NULL, 1, NULL, '1', NULL, NULL, NULL, 1, '2023-02-26 07:05:51', '2023-02-26 07:05:56'),
(15, NULL, 3, 4, 2, 'Transparent Heels Shoes For Women', '122', 50, '<div dir=\"auto\" style=\"font-family: &quot;Segoe UI Historic&quot;, &quot;Segoe UI&quot;, Helvetica, Arial, sans-serif; color: rgb(5, 5, 5); font-size: 15px; white-space: pre-wrap;\"><span class=\"x3nfvp2 x1j61x8r x1fcty0u xdj266r xhhsvwb xat24cr xgzva0m xxymvpz xlup9mm x1kky2od\" style=\"width: 16px; display: inline-flex; margin: 0px 1px; height: 16px; vertical-align: middle; font-family: inherit;\"><img height=\"16\" width=\"16\" alt=\"🔸\" referrerpolicy=\"origin-when-cross-origin\" src=\"https://static.xx.fbcdn.net/images/emoji.php/v9/t72/1/16/1f538.png\" style=\"border: 0px;\"></span> Premium Quality Shoes.</div><div dir=\"auto\" style=\"font-family: &quot;Segoe UI Historic&quot;, &quot;Segoe UI&quot;, Helvetica, Arial, sans-serif; color: rgb(5, 5, 5); font-size: 15px; white-space: pre-wrap;\">Ladies Grab the Fashionable Heels and Sandals</div><div dir=\"auto\" style=\"font-family: &quot;Segoe UI Historic&quot;, &quot;Segoe UI&quot;, Helvetica, Arial, sans-serif; color: rgb(5, 5, 5); font-size: 15px; white-space: pre-wrap;\">Size: 35,36,37,38,39,40,41</div><div dir=\"auto\" style=\"font-family: &quot;Segoe UI Historic&quot;, &quot;Segoe UI&quot;, Helvetica, Arial, sans-serif; color: rgb(5, 5, 5); font-size: 15px; white-space: pre-wrap;\">(34/42,43,44)</div><div dir=\"auto\" style=\"font-family: &quot;Segoe UI Historic&quot;, &quot;Segoe UI&quot;, Helvetica, Arial, sans-serif; color: rgb(5, 5, 5); font-size: 15px; white-space: pre-wrap;\">Customizable- Any size and any heels</div><div dir=\"auto\" style=\"font-family: &quot;Segoe UI Historic&quot;, &quot;Segoe UI&quot;, Helvetica, Arial, sans-serif; color: rgb(5, 5, 5); font-size: 15px; white-space: pre-wrap;\"><span style=\"font-family: inherit;\"><a tabindex=\"-1\" style=\"color: rgb(56, 88, 152); cursor: pointer; font-family: inherit;\"></a></span>Heel: 2 inch transparent heels </div><div dir=\"auto\" style=\"font-family: &quot;Segoe UI Historic&quot;, &quot;Segoe UI&quot;, Helvetica, Arial, sans-serif; color: rgb(5, 5, 5); font-size: 15px; white-space: pre-wrap;\">Sole: Rubber</div><div dir=\"auto\" style=\"font-family: &quot;Segoe UI Historic&quot;, &quot;Segoe UI&quot;, Helvetica, Arial, sans-serif; color: rgb(5, 5, 5); font-size: 15px; white-space: pre-wrap;\">(You Can Order Customize Designs and Color as Per Your Choice){Conditions apply}</div><div dir=\"auto\" style=\"font-family: &quot;Segoe UI Historic&quot;, &quot;Segoe UI&quot;, Helvetica, Arial, sans-serif; color: rgb(5, 5, 5); font-size: 15px; white-space: pre-wrap;\">To order click here: <span style=\"font-family: inherit;\"><a class=\"x1i10hfl xjbqb8w x6umtig x1b1mbwd xaqea5y xav7gou x9f619 x1ypdohk xt0psk2 xe8uvvx xdj266r x11i5rnm xat24cr x1mh8g0r xexx8yu x4uap5 x18d9i69 xkhd6sd x16tdsg8 x1hl2dhg xggy1nq x1a2a7pz xt0b8zv x1fey0fg\" href=\"https://m.me/happyheels2020?fbclid=IwAR0IDP6p0_rTCU9q5WeZlb8QFWUUfGX0Tn-wERndKzfy5IvTXNycoVW48t0\" rel=\"nofollow noopener\" role=\"link\" tabindex=\"0\" target=\"_blank\" style=\"color: var(--blue-link); cursor: pointer; margin: 0px; text-align: inherit; padding: 0px; outline: none; border-width: 0px; border-style: initial; border-color: initial; -webkit-tap-highlight-color: transparent; box-sizing: border-box; list-style: none; display: inline; font-family: inherit;\">m.me/happyheels2020</a></span></div>', 'Grean,Black,Cream,Pink', '35,36,37,38,39,40,41', 1199, 999, NULL, NULL, 1, NULL, '1', NULL, NULL, NULL, 1, '2023-02-26 07:28:50', '2023-02-26 07:28:58'),
(16, NULL, 5, 8, 2, 'Tango shoes for women', '124', 49, 'value=\"<div dir=\"auto\" style=\"font-family: &quot;Segoe UI Historic&quot;, &quot;Segoe UI&quot;, Helvetica, Arial, sans-serif; color: rgb(5, 5, 5); font-size: 15px; white-space: pre-wrap;\"><span class=\"x3nfvp2 x1j61x8r x1fcty0u xdj266r xhhsvwb xat24cr xgzva0m xxymvpz xlup9mm x1kky2od\" style=\"width: 16px; display: inline-flex; margin: 0px 1px; height: 16px; vertical-align: middle; font-family: inherit;\"><img height=\"16\" width=\"16\" alt=\"🔸\" referrerpolicy=\"origin-when-cross-origin\" src=\"https://static.xx.fbcdn.net/images/emoji.php/v9/t72/1/16/1f538.png\" style=\"border: 0px;\"></span> Premium Quality Shoes.</div><div dir=\"auto\" style=\"font-family: &quot;Segoe UI Historic&quot;, &quot;Segoe UI&quot;, Helvetica, Arial, sans-serif; color: rgb(5, 5, 5); font-size: 15px; white-space: pre-wrap;\">Ladies Grab the Fashionable Heels and Sandals</div><div dir=\"auto\" style=\"font-family: &quot;Segoe UI Historic&quot;, &quot;Segoe UI&quot;, Helvetica, Arial, sans-serif; color: rgb(5, 5, 5); font-size: 15px; white-space: pre-wrap;\">Size: 35,36,37,38,39,40,41</div><div dir=\"auto\" style=\"font-family: &quot;Segoe UI Historic&quot;, &quot;Segoe UI&quot;, Helvetica, Arial, sans-serif; color: rgb(5, 5, 5); font-size: 15px; white-space: pre-wrap;\">(34/42,43,44)</div><div dir=\"auto\" style=\"font-family: &quot;Segoe UI Historic&quot;, &quot;Segoe UI&quot;, Helvetica, Arial, sans-serif; color: rgb(5, 5, 5); font-size: 15px; white-space: pre-wrap;\">Customizable- Any size and any heels</div><div dir=\"auto\" style=\"font-family: &quot;Segoe UI Historic&quot;, &quot;Segoe UI&quot;, Helvetica, Arial, sans-serif; color: rgb(5, 5, 5); font-size: 15px; white-space: pre-wrap;\"><span style=\"font-family: inherit;\"><a tabindex=\"-1\" style=\"color: rgb(56, 88, 152); cursor: pointer; font-family: inherit;\"></a></span>Heel: 3 inch pencil heels</div><div dir=\"auto\" style=\"font-family: &quot;Segoe UI Historic&quot;, &quot;Segoe UI&quot;, Helvetica, Arial, sans-serif; color: rgb(5, 5, 5); font-size: 15px; white-space: pre-wrap;\">Sole: Rubber</div><div dir=\"auto\" style=\"font-family: &quot;Segoe UI Historic&quot;, &quot;Segoe UI&quot;, Helvetica, Arial, sans-serif; color: rgb(5, 5, 5); font-size: 15px; white-space: pre-wrap;\">(You Can Order Customize Designs and Color as Per Your Choice){Conditions apply}</div><div dir=\"auto\" style=\"font-family: &quot;Segoe UI Historic&quot;, &quot;Segoe UI&quot;, Helvetica, Arial, sans-serif; color: rgb(5, 5, 5); font-size: 15px; white-space: pre-wrap;\">To order click here: <span style=\"font-family: inherit;\"><a class=\"x1i10hfl xjbqb8w x6umtig x1b1mbwd xaqea5y xav7gou x9f619 x1ypdohk xt0psk2 xe8uvvx xdj266r x11i5rnm xat24cr x1mh8g0r xexx8yu x4uap5 x18d9i69 xkhd6sd x16tdsg8 x1hl2dhg xggy1nq x1a2a7pz xt0b8zv x1fey0fg\" href=\"https://m.me/happyheels2020?fbclid=IwAR0IDP6p0_rTCU9q5WeZlb8QFWUUfGX0Tn-wERndKzfy5IvTXNycoVW48t0\" rel=\"nofollow noopener\" role=\"link\" tabindex=\"0\" target=\"_blank\" style=\"color: var(--blue-link); cursor: pointer; margin: 0px; text-align: inherit; padding: 0px; outline: none; border-width: 0px; border-style: initial; border-color: initial; -webkit-tap-highlight-color: transparent; box-sizing: border-box; list-style: none; display: inline; font-family: inherit;\">m.me/happyheels2020</a></span></div>\"', 'Orange,Yellow,Red,Violet', '35,36,37,38,39,40,41', 1499, 1190, NULL, NULL, NULL, 1, '1', NULL, NULL, NULL, 1, '2023-02-26 07:43:09', '2023-02-26 09:09:57'),
(17, NULL, 3, 4, 2, 'Ladies Flock Pump Shoes', '43', 60, '<div dir=\"auto\" style=\"font-family: &quot;Segoe UI Historic&quot;, &quot;Segoe UI&quot;, Helvetica, Arial, sans-serif; color: rgb(5, 5, 5); font-size: 15px; white-space: pre-wrap;\"><span class=\"x3nfvp2 x1j61x8r x1fcty0u xdj266r xhhsvwb xat24cr xgzva0m xxymvpz xlup9mm x1kky2od\" style=\"width: 16px; display: inline-flex; margin: 0px 1px; height: 16px; vertical-align: middle; font-family: inherit;\"><img height=\"16\" width=\"16\" alt=\"🔸\" referrerpolicy=\"origin-when-cross-origin\" src=\"https://static.xx.fbcdn.net/images/emoji.php/v9/t72/1/16/1f538.png\" style=\"border: 0px;\"></span> Premium Quality Shoes.</div><div dir=\"auto\" style=\"font-family: &quot;Segoe UI Historic&quot;, &quot;Segoe UI&quot;, Helvetica, Arial, sans-serif; color: rgb(5, 5, 5); font-size: 15px; white-space: pre-wrap;\">Ladies Grab the Fashionable Heels and Sandals</div><div dir=\"auto\" style=\"font-family: &quot;Segoe UI Historic&quot;, &quot;Segoe UI&quot;, Helvetica, Arial, sans-serif; color: rgb(5, 5, 5); font-size: 15px; white-space: pre-wrap;\">Size: 35,36,37,38,39,40,41</div><div dir=\"auto\" style=\"font-family: &quot;Segoe UI Historic&quot;, &quot;Segoe UI&quot;, Helvetica, Arial, sans-serif; color: rgb(5, 5, 5); font-size: 15px; white-space: pre-wrap;\">         (34/42,43,44)</div><div dir=\"auto\" style=\"font-family: &quot;Segoe UI Historic&quot;, &quot;Segoe UI&quot;, Helvetica, Arial, sans-serif; color: rgb(5, 5, 5); font-size: 15px; white-space: pre-wrap;\">         Customizable- Any size and any heels</div><div dir=\"auto\" style=\"font-family: &quot;Segoe UI Historic&quot;, &quot;Segoe UI&quot;, Helvetica, Arial, sans-serif; color: rgb(5, 5, 5); font-size: 15px; white-space: pre-wrap;\"><span style=\"font-family: inherit;\"><a tabindex=\"-1\" style=\"color: rgb(56, 88, 152); cursor: pointer; font-family: inherit;\"></a></span>Heel: 2.5 inch semi heel </div><div dir=\"auto\" style=\"font-family: &quot;Segoe UI Historic&quot;, &quot;Segoe UI&quot;, Helvetica, Arial, sans-serif; color: rgb(5, 5, 5); font-size: 15px; white-space: pre-wrap;\">Sole: Rubber</div><div dir=\"auto\" style=\"font-family: &quot;Segoe UI Historic&quot;, &quot;Segoe UI&quot;, Helvetica, Arial, sans-serif; color: rgb(5, 5, 5); font-size: 15px; white-space: pre-wrap;\">(You Can Order Customize Designs and Color as Per Your Choice){Conditions apply}</div><div dir=\"auto\" style=\"font-family: &quot;Segoe UI Historic&quot;, &quot;Segoe UI&quot;, Helvetica, Arial, sans-serif; color: rgb(5, 5, 5); font-size: 15px; white-space: pre-wrap;\">To order click here: <span style=\"font-family: inherit;\"><a class=\"x1i10hfl xjbqb8w x6umtig x1b1mbwd xaqea5y xav7gou x9f619 x1ypdohk xt0psk2 xe8uvvx xdj266r x11i5rnm xat24cr x1mh8g0r xexx8yu x4uap5 x18d9i69 xkhd6sd x16tdsg8 x1hl2dhg xggy1nq x1a2a7pz xt0b8zv x1fey0fg\" href=\"https://m.me/happyheels2020?fbclid=IwAR2cx4S-RGM0lzIwhBPYnAMaivnzo_jGoY1WAO1YW8VB2Bn_E8dY60OOw4o\" rel=\"nofollow noopener\" role=\"link\" tabindex=\"0\" target=\"_blank\" style=\"color: var(--blue-link); cursor: pointer; margin: 0px; text-align: inherit; padding: 0px; outline: none; border-width: 0px; border-style: initial; border-color: initial; -webkit-tap-highlight-color: transparent; box-sizing: border-box; list-style: none; display: inline; font-family: inherit;\">m.me/happyheels2020</a></span></div>', 'Master,Cream,Green,Sky', '35,36,37,38,39,40,41', 1199, 1000, NULL, NULL, 1, NULL, '1', NULL, NULL, NULL, 1, '2023-02-26 10:03:03', '2023-02-26 10:03:10'),
(18, NULL, 3, 4, 2, 'Ladies Formal Fashionable Heels', '36', 30, '<div dir=\"auto\" style=\"font-family: &quot;Segoe UI Historic&quot;, &quot;Segoe UI&quot;, Helvetica, Arial, sans-serif; color: rgb(5, 5, 5); font-size: 15px; white-space: pre-wrap;\"><span class=\"x3nfvp2 x1j61x8r x1fcty0u xdj266r xhhsvwb xat24cr xgzva0m xxymvpz xlup9mm x1kky2od\" style=\"width: 16px; display: inline-flex; margin: 0px 1px; height: 16px; vertical-align: middle; font-family: inherit;\"><img height=\"16\" width=\"16\" alt=\"🔸\" referrerpolicy=\"origin-when-cross-origin\" src=\"https://static.xx.fbcdn.net/images/emoji.php/v9/t72/1/16/1f538.png\" style=\"border: 0px;\"></span> Premium Quality Shoes.</div><div dir=\"auto\" style=\"font-family: &quot;Segoe UI Historic&quot;, &quot;Segoe UI&quot;, Helvetica, Arial, sans-serif; color: rgb(5, 5, 5); font-size: 15px; white-space: pre-wrap;\">Ladies Grab the Fashionable Heels and Sandals</div><div dir=\"auto\" style=\"font-family: &quot;Segoe UI Historic&quot;, &quot;Segoe UI&quot;, Helvetica, Arial, sans-serif; color: rgb(5, 5, 5); font-size: 15px; white-space: pre-wrap;\">Size: 35,36,37,38,39,40,41</div><div dir=\"auto\" style=\"font-family: &quot;Segoe UI Historic&quot;, &quot;Segoe UI&quot;, Helvetica, Arial, sans-serif; color: rgb(5, 5, 5); font-size: 15px; white-space: pre-wrap;\">         (34/42,43,44)</div><div dir=\"auto\" style=\"font-family: &quot;Segoe UI Historic&quot;, &quot;Segoe UI&quot;, Helvetica, Arial, sans-serif; color: rgb(5, 5, 5); font-size: 15px; white-space: pre-wrap;\">         Customizable- Any size and any heels</div><div dir=\"auto\" style=\"font-family: &quot;Segoe UI Historic&quot;, &quot;Segoe UI&quot;, Helvetica, Arial, sans-serif; color: rgb(5, 5, 5); font-size: 15px; white-space: pre-wrap;\"><span style=\"font-family: inherit;\"><a tabindex=\"-1\" style=\"color: rgb(56, 88, 152); cursor: pointer; font-family: inherit;\"></a></span>Heel: 2.5 inch semi heel </div><div dir=\"auto\" style=\"font-family: &quot;Segoe UI Historic&quot;, &quot;Segoe UI&quot;, Helvetica, Arial, sans-serif; color: rgb(5, 5, 5); font-size: 15px; white-space: pre-wrap;\">Sole: Rubber</div><div dir=\"auto\" style=\"font-family: &quot;Segoe UI Historic&quot;, &quot;Segoe UI&quot;, Helvetica, Arial, sans-serif; color: rgb(5, 5, 5); font-size: 15px; white-space: pre-wrap;\">(You Can Order Customize Designs and Color as Per Your Choice){Conditions apply}</div><div dir=\"auto\" style=\"font-family: &quot;Segoe UI Historic&quot;, &quot;Segoe UI&quot;, Helvetica, Arial, sans-serif; color: rgb(5, 5, 5); font-size: 15px; white-space: pre-wrap;\">To order click here: <span style=\"font-family: inherit;\"><a class=\"x1i10hfl xjbqb8w x6umtig x1b1mbwd xaqea5y xav7gou x9f619 x1ypdohk xt0psk2 xe8uvvx xdj266r x11i5rnm xat24cr x1mh8g0r xexx8yu x4uap5 x18d9i69 xkhd6sd x16tdsg8 x1hl2dhg xggy1nq x1a2a7pz xt0b8zv x1fey0fg\" href=\"https://m.me/happyheels2020?fbclid=IwAR2cx4S-RGM0lzIwhBPYnAMaivnzo_jGoY1WAO1YW8VB2Bn_E8dY60OOw4o\" rel=\"nofollow noopener\" role=\"link\" tabindex=\"0\" target=\"_blank\" style=\"color: var(--blue-link); cursor: pointer; margin: 0px; text-align: inherit; padding: 0px; outline: none; border-width: 0px; border-style: initial; border-color: initial; -webkit-tap-highlight-color: transparent; box-sizing: border-box; list-style: none; display: inline; font-family: inherit;\">m.me/happyheels2020</a></span></div>', 'Cream,Red,Black,Master,Maroon', '35,36,37,38,39,40,41', 1199, 999, NULL, NULL, NULL, NULL, '1', NULL, NULL, NULL, 1, '2023-02-26 10:26:42', '2023-02-26 10:26:48');
INSERT INTO `products` (`id`, `file_id`, `category_id`, `subcategory_id`, `brand_id`, `product_name`, `product_code`, `product_quantity`, `product_details`, `product_color`, `product_size`, `selling_price`, `discount_price`, `main_slider`, `hot_deal`, `best_rated`, `mid_slider`, `trend`, `image_one`, `image_two`, `image_three`, `status`, `created_at`, `updated_at`) VALUES
(19, NULL, 3, 4, 2, 'Women fashionable style half shoe', '25', 60, 'value=\"<div dir=\"auto\" style=\"font-family: &quot;Segoe UI Historic&quot;, &quot;Segoe UI&quot;, Helvetica, Arial, sans-serif; color: rgb(5, 5, 5); font-size: 15px; white-space: pre-wrap;\"><span class=\"x3nfvp2 x1j61x8r x1fcty0u xdj266r xhhsvwb xat24cr xgzva0m xxymvpz xlup9mm x1kky2od\" style=\"width: 16px; display: inline-flex; margin: 0px 1px; height: 16px; vertical-align: middle; font-family: inherit;\"><img height=\"16\" width=\"16\" alt=\"🔸\" referrerpolicy=\"origin-when-cross-origin\" src=\"https://static.xx.fbcdn.net/images/emoji.php/v9/t72/1/16/1f538.png\" style=\"border: 0px;\"></span> Premium Quality Shoes.</div><div dir=\"auto\" style=\"font-family: &quot;Segoe UI Historic&quot;, &quot;Segoe UI&quot;, Helvetica, Arial, sans-serif; color: rgb(5, 5, 5); font-size: 15px; white-space: pre-wrap;\">Ladies Grab the Fashionable Heels and Sandals</div><div dir=\"auto\" style=\"font-family: &quot;Segoe UI Historic&quot;, &quot;Segoe UI&quot;, Helvetica, Arial, sans-serif; color: rgb(5, 5, 5); font-size: 15px; white-space: pre-wrap;\">Size: 35,36,37,38,39,40,41</div><div dir=\"auto\" style=\"font-family: &quot;Segoe UI Historic&quot;, &quot;Segoe UI&quot;, Helvetica, Arial, sans-serif; color: rgb(5, 5, 5); font-size: 15px; white-space: pre-wrap;\">         (34/42,43,44)</div><div dir=\"auto\" style=\"font-family: &quot;Segoe UI Historic&quot;, &quot;Segoe UI&quot;, Helvetica, Arial, sans-serif; color: rgb(5, 5, 5); font-size: 15px; white-space: pre-wrap;\">         Customizable- Any size and any heels</div><div dir=\"auto\" style=\"font-family: &quot;Segoe UI Historic&quot;, &quot;Segoe UI&quot;, Helvetica, Arial, sans-serif; color: rgb(5, 5, 5); font-size: 15px; white-space: pre-wrap;\"><span style=\"font-family: inherit;\"><a tabindex=\"-1\" style=\"color: rgb(56, 88, 152); cursor: pointer; font-family: inherit;\"></a></span>Heel: 2 inch box heels</div><div dir=\"auto\" style=\"font-family: &quot;Segoe UI Historic&quot;, &quot;Segoe UI&quot;, Helvetica, Arial, sans-serif; color: rgb(5, 5, 5); font-size: 15px; white-space: pre-wrap;\">Sole: Rubber</div><div dir=\"auto\" style=\"font-family: &quot;Segoe UI Historic&quot;, &quot;Segoe UI&quot;, Helvetica, Arial, sans-serif; color: rgb(5, 5, 5); font-size: 15px; white-space: pre-wrap;\">(You Can Order Customize Designs and Color as Per Your Choice){Conditions apply}</div><div dir=\"auto\" style=\"font-family: &quot;Segoe UI Historic&quot;, &quot;Segoe UI&quot;, Helvetica, Arial, sans-serif; color: rgb(5, 5, 5); font-size: 15px; white-space: pre-wrap;\">To order click here: <span style=\"font-family: inherit;\"><a class=\"x1i10hfl xjbqb8w x6umtig x1b1mbwd xaqea5y xav7gou x9f619 x1ypdohk xt0psk2 xe8uvvx xdj266r x11i5rnm xat24cr x1mh8g0r xexx8yu x4uap5 x18d9i69 xkhd6sd x16tdsg8 x1hl2dhg xggy1nq x1a2a7pz xt0b8zv x1fey0fg\" href=\"https://m.me/happyheels2020?fbclid=IwAR3M_zX9qXD0LvVa9v0JYx8FRLvxY_uClVG7Ix4AqAgqx6moe2ka_nwO_G4\" rel=\"nofollow noopener\" role=\"link\" tabindex=\"0\" target=\"_blank\" style=\"color: var(--blue-link); cursor: pointer; margin: 0px; text-align: inherit; padding: 0px; outline: none; border-width: 0px; border-style: initial; border-color: initial; -webkit-tap-highlight-color: transparent; box-sizing: border-box; list-style: none; display: inline; font-family: inherit;\">m.me/happyheels2020</a></span></div>\"', 'Cream,Brown,Red,Green,Black,Pest', '35,36,37,38,39,40,41', 1199, 999, NULL, NULL, NULL, NULL, '1', NULL, NULL, NULL, 1, '2023-02-27 01:32:09', '2023-02-27 02:54:42'),
(20, NULL, 3, 4, 2, 'Get A Pair Of Statement Shoes', '56', 35, '<div dir=\"auto\" style=\"font-family: &quot;Segoe UI Historic&quot;, &quot;Segoe UI&quot;, Helvetica, Arial, sans-serif; color: rgb(5, 5, 5); font-size: 15px; white-space: pre-wrap;\"><span class=\"x3nfvp2 x1j61x8r x1fcty0u xdj266r xhhsvwb xat24cr xgzva0m xxymvpz xlup9mm x1kky2od\" style=\"width: 16px; display: inline-flex; margin: 0px 1px; height: 16px; vertical-align: middle; font-family: inherit;\"><img height=\"16\" width=\"16\" alt=\"🔸\" referrerpolicy=\"origin-when-cross-origin\" src=\"https://static.xx.fbcdn.net/images/emoji.php/v9/t72/1/16/1f538.png\" style=\"border: 0px;\"></span> Premium Quality Shoes.</div><div dir=\"auto\" style=\"font-family: &quot;Segoe UI Historic&quot;, &quot;Segoe UI&quot;, Helvetica, Arial, sans-serif; color: rgb(5, 5, 5); font-size: 15px; white-space: pre-wrap;\">Ladies Grab the Fashionable Heels and Sandals</div><div dir=\"auto\" style=\"font-family: &quot;Segoe UI Historic&quot;, &quot;Segoe UI&quot;, Helvetica, Arial, sans-serif; color: rgb(5, 5, 5); font-size: 15px; white-space: pre-wrap;\">Size: 35,36,37,38,39,40,41</div><div dir=\"auto\" style=\"font-family: &quot;Segoe UI Historic&quot;, &quot;Segoe UI&quot;, Helvetica, Arial, sans-serif; color: rgb(5, 5, 5); font-size: 15px; white-space: pre-wrap;\">         (34/42,43,44)</div><div dir=\"auto\" style=\"font-family: &quot;Segoe UI Historic&quot;, &quot;Segoe UI&quot;, Helvetica, Arial, sans-serif; color: rgb(5, 5, 5); font-size: 15px; white-space: pre-wrap;\">         Customizable- Any size and any heels</div><div dir=\"auto\" style=\"font-family: &quot;Segoe UI Historic&quot;, &quot;Segoe UI&quot;, Helvetica, Arial, sans-serif; color: rgb(5, 5, 5); font-size: 15px; white-space: pre-wrap;\"><span style=\"font-family: inherit;\"><a tabindex=\"-1\" style=\"color: rgb(56, 88, 152); cursor: pointer; font-family: inherit;\"></a></span>Heel: Flat heel </div><div dir=\"auto\" style=\"font-family: &quot;Segoe UI Historic&quot;, &quot;Segoe UI&quot;, Helvetica, Arial, sans-serif; color: rgb(5, 5, 5); font-size: 15px; white-space: pre-wrap;\">Sole: Rubber</div><div dir=\"auto\" style=\"font-family: &quot;Segoe UI Historic&quot;, &quot;Segoe UI&quot;, Helvetica, Arial, sans-serif; color: rgb(5, 5, 5); font-size: 15px; white-space: pre-wrap;\">(You Can Order Customize Designs and Color as Per Your Choice){Conditions apply}</div><div dir=\"auto\" style=\"font-family: &quot;Segoe UI Historic&quot;, &quot;Segoe UI&quot;, Helvetica, Arial, sans-serif; color: rgb(5, 5, 5); font-size: 15px; white-space: pre-wrap;\">To order click here: <span style=\"font-family: inherit;\"><a class=\"x1i10hfl xjbqb8w x6umtig x1b1mbwd xaqea5y xav7gou x9f619 x1ypdohk xt0psk2 xe8uvvx xdj266r x11i5rnm xat24cr x1mh8g0r xexx8yu x4uap5 x18d9i69 xkhd6sd x16tdsg8 x1hl2dhg xggy1nq x1a2a7pz xt0b8zv x1fey0fg\" href=\"https://m.me/happyheels2020?fbclid=IwAR3M_zX9qXD0LvVa9v0JYx8FRLvxY_uClVG7Ix4AqAgqx6moe2ka_nwO_G4\" rel=\"nofollow noopener\" role=\"link\" tabindex=\"0\" target=\"_blank\" style=\"color: var(--blue-link); cursor: pointer; margin: 0px; text-align: inherit; padding: 0px; outline: none; border-width: 0px; border-style: initial; border-color: initial; -webkit-tap-highlight-color: transparent; box-sizing: border-box; list-style: none; display: inline; font-family: inherit;\">m.me/happyheels2020</a></span></div>', 'Black,White,Red,Violet,Blue,Yellow', '35,36,37,38,39,40,41', 999, 799, NULL, NULL, NULL, NULL, '1', NULL, NULL, NULL, 1, '2023-02-27 01:57:43', '2023-02-27 01:58:03'),
(21, NULL, 4, 7, 2, 'Ankle-Strap heels', '60', 50, '<div dir=\"auto\" style=\"font-family: &quot;Segoe UI Historic&quot;, &quot;Segoe UI&quot;, Helvetica, Arial, sans-serif; color: rgb(5, 5, 5); font-size: 15px; white-space: pre-wrap;\"><span class=\"x3nfvp2 x1j61x8r x1fcty0u xdj266r xhhsvwb xat24cr xgzva0m xxymvpz xlup9mm x1kky2od\" style=\"width: 16px; display: inline-flex; margin: 0px 1px; height: 16px; vertical-align: middle; font-family: inherit;\"><img height=\"16\" width=\"16\" alt=\"🔸\" referrerpolicy=\"origin-when-cross-origin\" src=\"https://static.xx.fbcdn.net/images/emoji.php/v9/t72/1/16/1f538.png\" style=\"border: 0px;\"></span> Premium Quality Shoes.</div><div dir=\"auto\" style=\"font-family: &quot;Segoe UI Historic&quot;, &quot;Segoe UI&quot;, Helvetica, Arial, sans-serif; color: rgb(5, 5, 5); font-size: 15px; white-space: pre-wrap;\">Ladies Grab the Fashionable Heels and Sandals</div><div dir=\"auto\" style=\"font-family: &quot;Segoe UI Historic&quot;, &quot;Segoe UI&quot;, Helvetica, Arial, sans-serif; color: rgb(5, 5, 5); font-size: 15px; white-space: pre-wrap;\">Size: 35,36,37,38,39,40,41</div><div dir=\"auto\" style=\"font-family: &quot;Segoe UI Historic&quot;, &quot;Segoe UI&quot;, Helvetica, Arial, sans-serif; color: rgb(5, 5, 5); font-size: 15px; white-space: pre-wrap;\">         (34/42,43,44)</div><div dir=\"auto\" style=\"font-family: &quot;Segoe UI Historic&quot;, &quot;Segoe UI&quot;, Helvetica, Arial, sans-serif; color: rgb(5, 5, 5); font-size: 15px; white-space: pre-wrap;\">         Customizable- Any size and any heels</div><div dir=\"auto\" style=\"font-family: &quot;Segoe UI Historic&quot;, &quot;Segoe UI&quot;, Helvetica, Arial, sans-serif; color: rgb(5, 5, 5); font-size: 15px; white-space: pre-wrap;\"><span style=\"font-family: inherit;\"><a tabindex=\"-1\" style=\"color: rgb(56, 88, 152); cursor: pointer; font-family: inherit;\"></a></span>Heel: 2.5 inch pencil heels</div><div dir=\"auto\" style=\"font-family: &quot;Segoe UI Historic&quot;, &quot;Segoe UI&quot;, Helvetica, Arial, sans-serif; color: rgb(5, 5, 5); font-size: 15px; white-space: pre-wrap;\">Sole: Rubber</div><div dir=\"auto\" style=\"font-family: &quot;Segoe UI Historic&quot;, &quot;Segoe UI&quot;, Helvetica, Arial, sans-serif; color: rgb(5, 5, 5); font-size: 15px; white-space: pre-wrap;\">(You Can Order Customize Designs and Color as Per Your Choice){Conditions apply}</div><div dir=\"auto\" style=\"font-family: &quot;Segoe UI Historic&quot;, &quot;Segoe UI&quot;, Helvetica, Arial, sans-serif; color: rgb(5, 5, 5); font-size: 15px; white-space: pre-wrap;\">To order click here: <span style=\"font-family: inherit;\"><a class=\"x1i10hfl xjbqb8w x6umtig x1b1mbwd xaqea5y xav7gou x9f619 x1ypdohk xt0psk2 xe8uvvx xdj266r x11i5rnm xat24cr x1mh8g0r xexx8yu x4uap5 x18d9i69 xkhd6sd x16tdsg8 x1hl2dhg xggy1nq x1a2a7pz xt0b8zv x1fey0fg\" href=\"https://m.me/happyheels2020?fbclid=IwAR3M_zX9qXD0LvVa9v0JYx8FRLvxY_uClVG7Ix4AqAgqx6moe2ka_nwO_G4\" rel=\"nofollow noopener\" role=\"link\" tabindex=\"0\" target=\"_blank\" style=\"color: var(--blue-link); cursor: pointer; margin: 0px; text-align: inherit; padding: 0px; outline: none; border-width: 0px; border-style: initial; border-color: initial; -webkit-tap-highlight-color: transparent; box-sizing: border-box; list-style: none; display: inline; font-family: inherit;\">m.me/happyheels2020</a></span></div>', 'Master,Black,Ash', '35,36,37,38,39,40,41', 1199, 999, NULL, NULL, NULL, NULL, '1', NULL, NULL, NULL, 1, '2023-02-27 02:11:23', '2023-02-27 02:11:29'),
(22, NULL, 4, 7, 2, 'Steve Madden Women\'s Claudette Heeles Sandal', '78', 55, '<div dir=\"auto\" style=\"font-family: &quot;Segoe UI Historic&quot;, &quot;Segoe UI&quot;, Helvetica, Arial, sans-serif; color: rgb(5, 5, 5); font-size: 15px; white-space: pre-wrap;\"><span class=\"x3nfvp2 x1j61x8r x1fcty0u xdj266r xhhsvwb xat24cr xgzva0m xxymvpz xlup9mm x1kky2od\" style=\"width: 16px; display: inline-flex; margin: 0px 1px; height: 16px; vertical-align: middle; font-family: inherit;\"><img height=\"16\" width=\"16\" alt=\"🔸\" referrerpolicy=\"origin-when-cross-origin\" src=\"https://static.xx.fbcdn.net/images/emoji.php/v9/t72/1/16/1f538.png\" style=\"border: 0px;\"></span> Premium Quality Shoes.</div><div dir=\"auto\" style=\"font-family: &quot;Segoe UI Historic&quot;, &quot;Segoe UI&quot;, Helvetica, Arial, sans-serif; color: rgb(5, 5, 5); font-size: 15px; white-space: pre-wrap;\">Ladies Grab the Fashionable Heels and Sandals</div><div dir=\"auto\" style=\"font-family: &quot;Segoe UI Historic&quot;, &quot;Segoe UI&quot;, Helvetica, Arial, sans-serif; color: rgb(5, 5, 5); font-size: 15px; white-space: pre-wrap;\">Size: 35,36,37,38,39,40,41</div><div dir=\"auto\" style=\"font-family: &quot;Segoe UI Historic&quot;, &quot;Segoe UI&quot;, Helvetica, Arial, sans-serif; color: rgb(5, 5, 5); font-size: 15px; white-space: pre-wrap;\">         (34/42,43,44)</div><div dir=\"auto\" style=\"font-family: &quot;Segoe UI Historic&quot;, &quot;Segoe UI&quot;, Helvetica, Arial, sans-serif; color: rgb(5, 5, 5); font-size: 15px; white-space: pre-wrap;\">         Customizable- Any size and any heels</div><div dir=\"auto\" style=\"font-family: &quot;Segoe UI Historic&quot;, &quot;Segoe UI&quot;, Helvetica, Arial, sans-serif; color: rgb(5, 5, 5); font-size: 15px; white-space: pre-wrap;\"><span style=\"font-family: inherit;\"><a tabindex=\"-1\" style=\"color: rgb(56, 88, 152); cursor: pointer; font-family: inherit;\"></a></span>Heel: 1.5 inch box heel </div><div dir=\"auto\" style=\"font-family: &quot;Segoe UI Historic&quot;, &quot;Segoe UI&quot;, Helvetica, Arial, sans-serif; color: rgb(5, 5, 5); font-size: 15px; white-space: pre-wrap;\">Sole: Rubber</div><div dir=\"auto\" style=\"font-family: &quot;Segoe UI Historic&quot;, &quot;Segoe UI&quot;, Helvetica, Arial, sans-serif; color: rgb(5, 5, 5); font-size: 15px; white-space: pre-wrap;\">(You Can Order Customize Designs and Color as Per Your Choice){Conditions apply}</div><div dir=\"auto\" style=\"font-family: &quot;Segoe UI Historic&quot;, &quot;Segoe UI&quot;, Helvetica, Arial, sans-serif; color: rgb(5, 5, 5); font-size: 15px; white-space: pre-wrap;\">To order click here: <span style=\"font-family: inherit;\"><a class=\"x1i10hfl xjbqb8w x6umtig x1b1mbwd xaqea5y xav7gou x9f619 x1ypdohk xt0psk2 xe8uvvx xdj266r x11i5rnm xat24cr x1mh8g0r xexx8yu x4uap5 x18d9i69 xkhd6sd x16tdsg8 x1hl2dhg xggy1nq x1a2a7pz xt0b8zv x1fey0fg\" href=\"https://m.me/happyheels2020?fbclid=IwAR3M_zX9qXD0LvVa9v0JYx8FRLvxY_uClVG7Ix4AqAgqx6moe2ka_nwO_G4\" rel=\"nofollow noopener\" role=\"link\" tabindex=\"0\" target=\"_blank\" style=\"color: var(--blue-link); cursor: pointer; margin: 0px; text-align: inherit; padding: 0px; outline: none; border-width: 0px; border-style: initial; border-color: initial; -webkit-tap-highlight-color: transparent; box-sizing: border-box; list-style: none; display: inline; font-family: inherit;\">m.me/happyheels2020</a></span></div>', 'Black,Off white,Red,Blue,Yellow', '35,36,37,38,39,40,41', 1099, 899, NULL, NULL, NULL, NULL, '1', NULL, NULL, NULL, 1, '2023-02-27 03:09:23', '2023-02-27 03:09:32'),
(23, NULL, 4, 7, 2, 'Heels Party Wear Ladies Silver Slipper', '100', 55, '<div dir=\"auto\" style=\"font-family: &quot;Segoe UI Historic&quot;, &quot;Segoe UI&quot;, Helvetica, Arial, sans-serif; color: rgb(5, 5, 5); font-size: 15px; white-space: pre-wrap;\"><span class=\"x3nfvp2 x1j61x8r x1fcty0u xdj266r xhhsvwb xat24cr xgzva0m xxymvpz xlup9mm x1kky2od\" style=\"width: 16px; display: inline-flex; margin: 0px 1px; height: 16px; vertical-align: middle; font-family: inherit;\"><img height=\"16\" width=\"16\" alt=\"🔸\" referrerpolicy=\"origin-when-cross-origin\" src=\"https://static.xx.fbcdn.net/images/emoji.php/v9/t72/1/16/1f538.png\" style=\"border: 0px;\"></span> Premium Quality Shoes.</div><div dir=\"auto\" style=\"font-family: &quot;Segoe UI Historic&quot;, &quot;Segoe UI&quot;, Helvetica, Arial, sans-serif; color: rgb(5, 5, 5); font-size: 15px; white-space: pre-wrap;\">Ladies Grab the Fashionable Heels and Sandals</div><div dir=\"auto\" style=\"font-family: &quot;Segoe UI Historic&quot;, &quot;Segoe UI&quot;, Helvetica, Arial, sans-serif; color: rgb(5, 5, 5); font-size: 15px; white-space: pre-wrap;\">Size: 35,36,37,38,39,40,41</div><div dir=\"auto\" style=\"font-family: &quot;Segoe UI Historic&quot;, &quot;Segoe UI&quot;, Helvetica, Arial, sans-serif; color: rgb(5, 5, 5); font-size: 15px; white-space: pre-wrap;\">         (34/42,43,44)</div><div dir=\"auto\" style=\"font-family: &quot;Segoe UI Historic&quot;, &quot;Segoe UI&quot;, Helvetica, Arial, sans-serif; color: rgb(5, 5, 5); font-size: 15px; white-space: pre-wrap;\">         Customizable- Any size and any heels</div><div dir=\"auto\" style=\"font-family: &quot;Segoe UI Historic&quot;, &quot;Segoe UI&quot;, Helvetica, Arial, sans-serif; color: rgb(5, 5, 5); font-size: 15px; white-space: pre-wrap;\"><span style=\"font-family: inherit;\"><a tabindex=\"-1\" style=\"color: rgb(56, 88, 152); cursor: pointer; font-family: inherit;\"></a></span>Heel: 1.5 inch pencil heel </div><div dir=\"auto\" style=\"font-family: &quot;Segoe UI Historic&quot;, &quot;Segoe UI&quot;, Helvetica, Arial, sans-serif; color: rgb(5, 5, 5); font-size: 15px; white-space: pre-wrap;\">Sole: Rubber</div><div dir=\"auto\" style=\"font-family: &quot;Segoe UI Historic&quot;, &quot;Segoe UI&quot;, Helvetica, Arial, sans-serif; color: rgb(5, 5, 5); font-size: 15px; white-space: pre-wrap;\">(You Can Order Customize Designs and Color as Per Your Choice){Conditions apply}</div><div dir=\"auto\" style=\"font-family: &quot;Segoe UI Historic&quot;, &quot;Segoe UI&quot;, Helvetica, Arial, sans-serif; color: rgb(5, 5, 5); font-size: 15px; white-space: pre-wrap;\">To order click here: <span style=\"font-family: inherit;\"><a class=\"x1i10hfl xjbqb8w x6umtig x1b1mbwd xaqea5y xav7gou x9f619 x1ypdohk xt0psk2 xe8uvvx xdj266r x11i5rnm xat24cr x1mh8g0r xexx8yu x4uap5 x18d9i69 xkhd6sd x16tdsg8 x1hl2dhg xggy1nq x1a2a7pz xt0b8zv x1fey0fg\" href=\"https://m.me/happyheels2020?fbclid=IwAR3M_zX9qXD0LvVa9v0JYx8FRLvxY_uClVG7Ix4AqAgqx6moe2ka_nwO_G4\" rel=\"nofollow noopener\" role=\"link\" tabindex=\"0\" target=\"_blank\" style=\"color: var(--blue-link); cursor: pointer; margin: 0px; text-align: inherit; padding: 0px; outline: none; border-width: 0px; border-style: initial; border-color: initial; -webkit-tap-highlight-color: transparent; box-sizing: border-box; list-style: none; display: inline; font-family: inherit;\">m.me/happyheels2020</a></span></div>', 'Cream,Pink', '35,36,37,38,39,40,41', 1199, 999, NULL, NULL, NULL, NULL, '1', NULL, NULL, NULL, 1, '2023-02-27 03:25:19', '2023-02-27 03:25:24'),
(24, NULL, 3, 4, 2, 'Women Shoes Metal Chain Diamond Shiny Block High Heel Pumps Ankle Strap', '68', 35, 'value=\"<div dir=\"auto\" style=\"font-family: &quot;Segoe UI Historic&quot;, &quot;Segoe UI&quot;, Helvetica, Arial, sans-serif; color: rgb(5, 5, 5); font-size: 15px; white-space: pre-wrap;\"><span class=\"x3nfvp2 x1j61x8r x1fcty0u xdj266r xhhsvwb xat24cr xgzva0m xxymvpz xlup9mm x1kky2od\" style=\"width: 16px; display: inline-flex; margin: 0px 1px; height: 16px; vertical-align: middle; font-family: inherit;\"><img height=\"16\" width=\"16\" alt=\"🔸\" referrerpolicy=\"origin-when-cross-origin\" src=\"https://static.xx.fbcdn.net/images/emoji.php/v9/t72/1/16/1f538.png\" style=\"border: 0px;\"></span> Premium Quality Shoes.</div><div dir=\"auto\" style=\"font-family: &quot;Segoe UI Historic&quot;, &quot;Segoe UI&quot;, Helvetica, Arial, sans-serif; color: rgb(5, 5, 5); font-size: 15px; white-space: pre-wrap;\">Ladies Grab the Fashionable Heels and Sandals</div><div dir=\"auto\" style=\"font-family: &quot;Segoe UI Historic&quot;, &quot;Segoe UI&quot;, Helvetica, Arial, sans-serif; color: rgb(5, 5, 5); font-size: 15px; white-space: pre-wrap;\">Size: 35,36,37,38,39,40,41</div><div dir=\"auto\" style=\"font-family: &quot;Segoe UI Historic&quot;, &quot;Segoe UI&quot;, Helvetica, Arial, sans-serif; color: rgb(5, 5, 5); font-size: 15px; white-space: pre-wrap;\">         (34/42,43,44)</div><div dir=\"auto\" style=\"font-family: &quot;Segoe UI Historic&quot;, &quot;Segoe UI&quot;, Helvetica, Arial, sans-serif; color: rgb(5, 5, 5); font-size: 15px; white-space: pre-wrap;\">         Customizable- Any size and any heels</div><div dir=\"auto\" style=\"font-family: &quot;Segoe UI Historic&quot;, &quot;Segoe UI&quot;, Helvetica, Arial, sans-serif; color: rgb(5, 5, 5); font-size: 15px; white-space: pre-wrap;\"><span style=\"font-family: inherit;\"><a tabindex=\"-1\" style=\"color: rgb(56, 88, 152); cursor: pointer; font-family: inherit;\"></a></span>Heel: 2 inch block heels</div><div dir=\"auto\" style=\"font-family: &quot;Segoe UI Historic&quot;, &quot;Segoe UI&quot;, Helvetica, Arial, sans-serif; color: rgb(5, 5, 5); font-size: 15px; white-space: pre-wrap;\">Sole: Rubber</div><div dir=\"auto\" style=\"font-family: &quot;Segoe UI Historic&quot;, &quot;Segoe UI&quot;, Helvetica, Arial, sans-serif; color: rgb(5, 5, 5); font-size: 15px; white-space: pre-wrap;\">(You Can Order Customize Designs and Color as Per Your Choice){Conditions apply}</div><div dir=\"auto\" style=\"font-family: &quot;Segoe UI Historic&quot;, &quot;Segoe UI&quot;, Helvetica, Arial, sans-serif; color: rgb(5, 5, 5); font-size: 15px; white-space: pre-wrap;\">To order click here: <span style=\"font-family: inherit;\"><a class=\"x1i10hfl xjbqb8w x6umtig x1b1mbwd xaqea5y xav7gou x9f619 x1ypdohk xt0psk2 xe8uvvx xdj266r x11i5rnm xat24cr x1mh8g0r xexx8yu x4uap5 x18d9i69 xkhd6sd x16tdsg8 x1hl2dhg xggy1nq x1a2a7pz xt0b8zv x1fey0fg\" href=\"https://m.me/happyheels2020?fbclid=IwAR0qaFx0u2bNnddKxatLd8O6g7MYVayz9XnQYTSQvxzamwU8n5JmLNEASqM\" rel=\"nofollow noopener\" role=\"link\" tabindex=\"0\" target=\"_blank\" style=\"color: var(--blue-link); cursor: pointer; margin: 0px; text-align: inherit; padding: 0px; outline: none; border-width: 0px; border-style: initial; border-color: initial; -webkit-tap-highlight-color: transparent; box-sizing: border-box; list-style: none; display: inline; font-family: inherit;\">m.me/happyheels2020</a></span></div>\"', 'Cream,Black,Master,Red', '35,36,37,38,39,40,41', 1199, 999, NULL, 1, 1, NULL, '1', NULL, NULL, NULL, 1, '2023-02-27 06:06:01', '2023-02-27 06:06:16'),
(25, NULL, 3, 4, 2, 'Pumps Shoe for Woman Pointed Toe', '119', 60, '<div dir=\"auto\" style=\"font-family: &quot;Segoe UI Historic&quot;, &quot;Segoe UI&quot;, Helvetica, Arial, sans-serif; color: rgb(5, 5, 5); font-size: 15px; white-space: pre-wrap;\"><span class=\"x3nfvp2 x1j61x8r x1fcty0u xdj266r xhhsvwb xat24cr xgzva0m xxymvpz xlup9mm x1kky2od\" style=\"width: 16px; display: inline-flex; margin: 0px 1px; height: 16px; vertical-align: middle; font-family: inherit;\"><img height=\"16\" width=\"16\" alt=\"🔸\" referrerpolicy=\"origin-when-cross-origin\" src=\"https://static.xx.fbcdn.net/images/emoji.php/v9/t72/1/16/1f538.png\" style=\"border: 0px;\"></span> Premium Quality Shoes.</div><div dir=\"auto\" style=\"font-family: &quot;Segoe UI Historic&quot;, &quot;Segoe UI&quot;, Helvetica, Arial, sans-serif; color: rgb(5, 5, 5); font-size: 15px; white-space: pre-wrap;\">Ladies Grab the Fashionable Heels and Sandals</div><div dir=\"auto\" style=\"font-family: &quot;Segoe UI Historic&quot;, &quot;Segoe UI&quot;, Helvetica, Arial, sans-serif; color: rgb(5, 5, 5); font-size: 15px; white-space: pre-wrap;\">Size: 35,36,37,38,39,40,41</div><div dir=\"auto\" style=\"font-family: &quot;Segoe UI Historic&quot;, &quot;Segoe UI&quot;, Helvetica, Arial, sans-serif; color: rgb(5, 5, 5); font-size: 15px; white-space: pre-wrap;\">         (34/42,43,44)</div><div dir=\"auto\" style=\"font-family: &quot;Segoe UI Historic&quot;, &quot;Segoe UI&quot;, Helvetica, Arial, sans-serif; color: rgb(5, 5, 5); font-size: 15px; white-space: pre-wrap;\">         Customizable- Any size and any heels</div><div dir=\"auto\" style=\"font-family: &quot;Segoe UI Historic&quot;, &quot;Segoe UI&quot;, Helvetica, Arial, sans-serif; color: rgb(5, 5, 5); font-size: 15px; white-space: pre-wrap;\"><span style=\"font-family: inherit;\"><a tabindex=\"-1\" style=\"color: rgb(56, 88, 152); cursor: pointer; font-family: inherit;\"></a></span>Heel: 0.5 inch heel </div><div dir=\"auto\" style=\"font-family: &quot;Segoe UI Historic&quot;, &quot;Segoe UI&quot;, Helvetica, Arial, sans-serif; color: rgb(5, 5, 5); font-size: 15px; white-space: pre-wrap;\">Sole: Rubber</div><div dir=\"auto\" style=\"font-family: &quot;Segoe UI Historic&quot;, &quot;Segoe UI&quot;, Helvetica, Arial, sans-serif; color: rgb(5, 5, 5); font-size: 15px; white-space: pre-wrap;\">(You Can Order Customize Designs and Color as Per Your Choice){Conditions apply}</div><div dir=\"auto\" style=\"font-family: &quot;Segoe UI Historic&quot;, &quot;Segoe UI&quot;, Helvetica, Arial, sans-serif; color: rgb(5, 5, 5); font-size: 15px; white-space: pre-wrap;\">To order click here: <span style=\"font-family: inherit;\"><a class=\"x1i10hfl xjbqb8w x6umtig x1b1mbwd xaqea5y xav7gou x9f619 x1ypdohk xt0psk2 xe8uvvx xdj266r x11i5rnm xat24cr x1mh8g0r xexx8yu x4uap5 x18d9i69 xkhd6sd x16tdsg8 x1hl2dhg xggy1nq x1a2a7pz xt0b8zv x1fey0fg\" href=\"https://m.me/happyheels2020?fbclid=IwAR0qaFx0u2bNnddKxatLd8O6g7MYVayz9XnQYTSQvxzamwU8n5JmLNEASqM\" rel=\"nofollow noopener\" role=\"link\" tabindex=\"0\" target=\"_blank\" style=\"color: var(--blue-link); cursor: pointer; margin: 0px; text-align: inherit; padding: 0px; outline: none; border-width: 0px; border-style: initial; border-color: initial; -webkit-tap-highlight-color: transparent; box-sizing: border-box; list-style: none; display: inline; font-family: inherit;\">m.me/happyheels2020</a></span></div>', 'Black,Pink,White', '35,36,37,38,39,40,41', 1199, 999, NULL, NULL, 1, NULL, '1', NULL, NULL, NULL, 1, '2023-02-27 07:11:08', '2023-02-27 07:11:15'),
(26, NULL, 6, 6, 2, 'New Fashionable Stylish High Balance Heels shoes for Women', '58', 60, '<div dir=\"auto\" style=\"font-family: &quot;Segoe UI Historic&quot;, &quot;Segoe UI&quot;, Helvetica, Arial, sans-serif; color: rgb(5, 5, 5); font-size: 15px; white-space: pre-wrap;\"><span class=\"x3nfvp2 x1j61x8r x1fcty0u xdj266r xhhsvwb xat24cr xgzva0m xxymvpz xlup9mm x1kky2od\" style=\"width: 16px; display: inline-flex; margin: 0px 1px; height: 16px; vertical-align: middle; font-family: inherit;\"><img height=\"16\" width=\"16\" alt=\"🔸\" referrerpolicy=\"origin-when-cross-origin\" src=\"https://static.xx.fbcdn.net/images/emoji.php/v9/t72/1/16/1f538.png\" style=\"border: 0px;\"></span> Premium Quality Shoes.</div><div dir=\"auto\" style=\"font-family: &quot;Segoe UI Historic&quot;, &quot;Segoe UI&quot;, Helvetica, Arial, sans-serif; color: rgb(5, 5, 5); font-size: 15px; white-space: pre-wrap;\">Ladies Grab the Fashionable Heels and Sandals</div><div dir=\"auto\" style=\"font-family: &quot;Segoe UI Historic&quot;, &quot;Segoe UI&quot;, Helvetica, Arial, sans-serif; color: rgb(5, 5, 5); font-size: 15px; white-space: pre-wrap;\">Size: 35,36,37,38,39,40,41</div><div dir=\"auto\" style=\"font-family: &quot;Segoe UI Historic&quot;, &quot;Segoe UI&quot;, Helvetica, Arial, sans-serif; color: rgb(5, 5, 5); font-size: 15px; white-space: pre-wrap;\">         (34/42,43,44)</div><div dir=\"auto\" style=\"font-family: &quot;Segoe UI Historic&quot;, &quot;Segoe UI&quot;, Helvetica, Arial, sans-serif; color: rgb(5, 5, 5); font-size: 15px; white-space: pre-wrap;\">         Customizable- Any size and any heels</div><div dir=\"auto\" style=\"font-family: &quot;Segoe UI Historic&quot;, &quot;Segoe UI&quot;, Helvetica, Arial, sans-serif; color: rgb(5, 5, 5); font-size: 15px; white-space: pre-wrap;\"><span style=\"font-family: inherit;\"><a tabindex=\"-1\" style=\"color: rgb(56, 88, 152); cursor: pointer; font-family: inherit;\"></a></span>Heel: 3 inch balance heels</div><div dir=\"auto\" style=\"font-family: &quot;Segoe UI Historic&quot;, &quot;Segoe UI&quot;, Helvetica, Arial, sans-serif; color: rgb(5, 5, 5); font-size: 15px; white-space: pre-wrap;\">Sole: Rubber</div><div dir=\"auto\" style=\"font-family: &quot;Segoe UI Historic&quot;, &quot;Segoe UI&quot;, Helvetica, Arial, sans-serif; color: rgb(5, 5, 5); font-size: 15px; white-space: pre-wrap;\">(You Can Order Customize Designs and Color as Per Your Choice){Conditions apply}</div><div dir=\"auto\" style=\"font-family: &quot;Segoe UI Historic&quot;, &quot;Segoe UI&quot;, Helvetica, Arial, sans-serif; color: rgb(5, 5, 5); font-size: 15px; white-space: pre-wrap;\">To order click here: <span style=\"font-family: inherit;\"><a class=\"x1i10hfl xjbqb8w x6umtig x1b1mbwd xaqea5y xav7gou x9f619 x1ypdohk xt0psk2 xe8uvvx xdj266r x11i5rnm xat24cr x1mh8g0r xexx8yu x4uap5 x18d9i69 xkhd6sd x16tdsg8 x1hl2dhg xggy1nq x1a2a7pz xt0b8zv x1fey0fg\" href=\"https://m.me/happyheels2020?fbclid=IwAR0qaFx0u2bNnddKxatLd8O6g7MYVayz9XnQYTSQvxzamwU8n5JmLNEASqM\" rel=\"nofollow noopener\" role=\"link\" tabindex=\"0\" target=\"_blank\" style=\"color: var(--blue-link); cursor: pointer; margin: 0px; text-align: inherit; padding: 0px; outline: none; border-width: 0px; border-style: initial; border-color: initial; -webkit-tap-highlight-color: transparent; box-sizing: border-box; list-style: none; display: inline; font-family: inherit;\">m.me/happyheels2020</a></span></div>', 'Black,Pink,Ash,Red', '35,36,37,38,39,40,41', 1499, 1199, NULL, NULL, 1, NULL, '1', NULL, NULL, NULL, 1, '2023-02-27 07:34:03', '2023-02-27 07:34:10'),
(27, NULL, 5, 5, 2, 'Women\'s Peep Toe Wedding Shoes for Bride Low Heels Bridal Shoes', '153', 59, '<div dir=\"auto\" style=\"font-family: &quot;Segoe UI Historic&quot;, &quot;Segoe UI&quot;, Helvetica, Arial, sans-serif; color: rgb(5, 5, 5); font-size: 15px; white-space: pre-wrap;\"><span class=\"x3nfvp2 x1j61x8r x1fcty0u xdj266r xhhsvwb xat24cr xgzva0m xxymvpz xlup9mm x1kky2od\" style=\"width: 16px; display: inline-flex; margin: 0px 1px; height: 16px; vertical-align: middle; font-family: inherit;\"><img height=\"16\" width=\"16\" alt=\"🔸\" referrerpolicy=\"origin-when-cross-origin\" src=\"https://static.xx.fbcdn.net/images/emoji.php/v9/t72/1/16/1f538.png\" style=\"border: 0px;\"></span> Premium Quality Shoes.</div><div dir=\"auto\" style=\"font-family: &quot;Segoe UI Historic&quot;, &quot;Segoe UI&quot;, Helvetica, Arial, sans-serif; color: rgb(5, 5, 5); font-size: 15px; white-space: pre-wrap;\">Ladies Grab the Fashionable Heels and Sandals</div><div dir=\"auto\" style=\"font-family: &quot;Segoe UI Historic&quot;, &quot;Segoe UI&quot;, Helvetica, Arial, sans-serif; color: rgb(5, 5, 5); font-size: 15px; white-space: pre-wrap;\">Size: 35,36,37,38,39,40,41</div><div dir=\"auto\" style=\"font-family: &quot;Segoe UI Historic&quot;, &quot;Segoe UI&quot;, Helvetica, Arial, sans-serif; color: rgb(5, 5, 5); font-size: 15px; white-space: pre-wrap;\">         (34/42,43,44)</div><div dir=\"auto\" style=\"font-family: &quot;Segoe UI Historic&quot;, &quot;Segoe UI&quot;, Helvetica, Arial, sans-serif; color: rgb(5, 5, 5); font-size: 15px; white-space: pre-wrap;\">         Customizable- Any size and any heels</div><div dir=\"auto\" style=\"font-family: &quot;Segoe UI Historic&quot;, &quot;Segoe UI&quot;, Helvetica, Arial, sans-serif; color: rgb(5, 5, 5); font-size: 15px; white-space: pre-wrap;\"><span style=\"font-family: inherit;\"><a tabindex=\"-1\" style=\"color: rgb(56, 88, 152); cursor: pointer; font-family: inherit;\"></a></span>Heel: 3 inch pencil heels</div><div dir=\"auto\" style=\"font-family: &quot;Segoe UI Historic&quot;, &quot;Segoe UI&quot;, Helvetica, Arial, sans-serif; color: rgb(5, 5, 5); font-size: 15px; white-space: pre-wrap;\">Sole: Rubber</div><div dir=\"auto\" style=\"font-family: &quot;Segoe UI Historic&quot;, &quot;Segoe UI&quot;, Helvetica, Arial, sans-serif; color: rgb(5, 5, 5); font-size: 15px; white-space: pre-wrap;\">(You Can Order Customize Designs and Color as Per Your Choice){Conditions apply}</div><div dir=\"auto\" style=\"font-family: &quot;Segoe UI Historic&quot;, &quot;Segoe UI&quot;, Helvetica, Arial, sans-serif; color: rgb(5, 5, 5); font-size: 15px; white-space: pre-wrap;\">To order click here: <span style=\"font-family: inherit;\"><a class=\"x1i10hfl xjbqb8w x6umtig x1b1mbwd xaqea5y xav7gou x9f619 x1ypdohk xt0psk2 xe8uvvx xdj266r x11i5rnm xat24cr x1mh8g0r xexx8yu x4uap5 x18d9i69 xkhd6sd x16tdsg8 x1hl2dhg xggy1nq x1a2a7pz xt0b8zv x1fey0fg\" href=\"https://m.me/happyheels2020?fbclid=IwAR0qaFx0u2bNnddKxatLd8O6g7MYVayz9XnQYTSQvxzamwU8n5JmLNEASqM\" rel=\"nofollow noopener\" role=\"link\" tabindex=\"0\" target=\"_blank\" style=\"color: var(--blue-link); cursor: pointer; margin: 0px; text-align: inherit; padding: 0px; outline: none; border-width: 0px; border-style: initial; border-color: initial; -webkit-tap-highlight-color: transparent; box-sizing: border-box; list-style: none; display: inline; font-family: inherit;\">m.me/happyheels2020</a></span></div>', 'Golden,Black,Ash', '35,36,37,38,39,40,41', 1499, 1199, NULL, 1, 1, NULL, '1', NULL, NULL, NULL, 1, '2023-02-27 08:06:29', '2023-02-27 08:28:44'),
(28, NULL, 4, 7, 2, 'Basket-Weave Chunky women Heels Sandals', '59', 50, '<div dir=\"auto\" style=\"font-family: &quot;Segoe UI Historic&quot;, &quot;Segoe UI&quot;, Helvetica, Arial, sans-serif; color: rgb(5, 5, 5); font-size: 15px; white-space: pre-wrap;\"><span class=\"x3nfvp2 x1j61x8r x1fcty0u xdj266r xhhsvwb xat24cr xgzva0m xxymvpz xlup9mm x1kky2od\" style=\"width: 16px; display: inline-flex; margin: 0px 1px; height: 16px; vertical-align: middle; font-family: inherit;\"><img height=\"16\" width=\"16\" alt=\"🔸\" referrerpolicy=\"origin-when-cross-origin\" src=\"https://static.xx.fbcdn.net/images/emoji.php/v9/t72/1/16/1f538.png\" style=\"border: 0px;\"></span> Premium Quality Shoes.</div><div dir=\"auto\" style=\"font-family: &quot;Segoe UI Historic&quot;, &quot;Segoe UI&quot;, Helvetica, Arial, sans-serif; color: rgb(5, 5, 5); font-size: 15px; white-space: pre-wrap;\">Ladies Grab the Fashionable Heels and Sandals</div><div dir=\"auto\" style=\"font-family: &quot;Segoe UI Historic&quot;, &quot;Segoe UI&quot;, Helvetica, Arial, sans-serif; color: rgb(5, 5, 5); font-size: 15px; white-space: pre-wrap;\">Size: 35,36,37,38,39,40,41</div><div dir=\"auto\" style=\"font-family: &quot;Segoe UI Historic&quot;, &quot;Segoe UI&quot;, Helvetica, Arial, sans-serif; color: rgb(5, 5, 5); font-size: 15px; white-space: pre-wrap;\">         (34/42,43,44)</div><div dir=\"auto\" style=\"font-family: &quot;Segoe UI Historic&quot;, &quot;Segoe UI&quot;, Helvetica, Arial, sans-serif; color: rgb(5, 5, 5); font-size: 15px; white-space: pre-wrap;\">         Customizable- Any size and any heels</div><div dir=\"auto\" style=\"font-family: &quot;Segoe UI Historic&quot;, &quot;Segoe UI&quot;, Helvetica, Arial, sans-serif; color: rgb(5, 5, 5); font-size: 15px; white-space: pre-wrap;\"><span style=\"font-family: inherit;\"><a tabindex=\"-1\" style=\"color: rgb(56, 88, 152); cursor: pointer; font-family: inherit;\"></a></span>Heel: 2.5 inch pencil heels</div><div dir=\"auto\" style=\"font-family: &quot;Segoe UI Historic&quot;, &quot;Segoe UI&quot;, Helvetica, Arial, sans-serif; color: rgb(5, 5, 5); font-size: 15px; white-space: pre-wrap;\">Sole: Rubber</div><div dir=\"auto\" style=\"font-family: &quot;Segoe UI Historic&quot;, &quot;Segoe UI&quot;, Helvetica, Arial, sans-serif; color: rgb(5, 5, 5); font-size: 15px; white-space: pre-wrap;\">(You Can Order Customize Designs and Color as Per Your Choice){Conditions apply}</div><div dir=\"auto\" style=\"font-family: &quot;Segoe UI Historic&quot;, &quot;Segoe UI&quot;, Helvetica, Arial, sans-serif; color: rgb(5, 5, 5); font-size: 15px; white-space: pre-wrap;\">To order click here: <span style=\"font-family: inherit;\"><a class=\"x1i10hfl xjbqb8w x6umtig x1b1mbwd xaqea5y xav7gou x9f619 x1ypdohk xt0psk2 xe8uvvx xdj266r x11i5rnm xat24cr x1mh8g0r xexx8yu x4uap5 x18d9i69 xkhd6sd x16tdsg8 x1hl2dhg xggy1nq x1a2a7pz xt0b8zv x1fey0fg\" href=\"https://m.me/happyheels2020?fbclid=IwAR2u6DUaiK0gURJngGdaCl5mqN4zOg1d4VqfIukHix9yrZS0rhPzEFvr6cA\" rel=\"nofollow noopener\" role=\"link\" tabindex=\"0\" target=\"_blank\" style=\"color: var(--blue-link); cursor: pointer; margin: 0px; text-align: inherit; padding: 0px; outline: none; border-width: 0px; border-style: initial; border-color: initial; -webkit-tap-highlight-color: transparent; box-sizing: border-box; list-style: none; display: inline; font-family: inherit;\">m.me/happyheels2020</a></span></div>', 'Pink,Ash,Black', '35,36,37,38,39,40,41', 1199, 999, NULL, NULL, 1, NULL, '1', NULL, NULL, NULL, 1, '2023-02-28 05:05:28', '2023-02-28 05:05:40'),
(29, NULL, 3, 4, 2, 'Styles women shoes fashion', '44', 35, '<div dir=\"auto\" style=\"font-family: &quot;Segoe UI Historic&quot;, &quot;Segoe UI&quot;, Helvetica, Arial, sans-serif; color: rgb(5, 5, 5); font-size: 15px; white-space: pre-wrap;\"><span class=\"x3nfvp2 x1j61x8r x1fcty0u xdj266r xhhsvwb xat24cr xgzva0m xxymvpz xlup9mm x1kky2od\" style=\"width: 16px; display: inline-flex; margin: 0px 1px; height: 16px; vertical-align: middle; font-family: inherit;\"><img height=\"16\" width=\"16\" alt=\"🔸\" referrerpolicy=\"origin-when-cross-origin\" src=\"https://static.xx.fbcdn.net/images/emoji.php/v9/t72/1/16/1f538.png\" style=\"border: 0px;\"></span> Premium Quality Shoes.</div><div dir=\"auto\" style=\"font-family: &quot;Segoe UI Historic&quot;, &quot;Segoe UI&quot;, Helvetica, Arial, sans-serif; color: rgb(5, 5, 5); font-size: 15px; white-space: pre-wrap;\">Ladies Grab the Fashionable Heels and Sandals</div><div dir=\"auto\" style=\"font-family: &quot;Segoe UI Historic&quot;, &quot;Segoe UI&quot;, Helvetica, Arial, sans-serif; color: rgb(5, 5, 5); font-size: 15px; white-space: pre-wrap;\">Size: 35,36,37,38,39,40,41</div><div dir=\"auto\" style=\"font-family: &quot;Segoe UI Historic&quot;, &quot;Segoe UI&quot;, Helvetica, Arial, sans-serif; color: rgb(5, 5, 5); font-size: 15px; white-space: pre-wrap;\">         (34/42,43,44)</div><div dir=\"auto\" style=\"font-family: &quot;Segoe UI Historic&quot;, &quot;Segoe UI&quot;, Helvetica, Arial, sans-serif; color: rgb(5, 5, 5); font-size: 15px; white-space: pre-wrap;\">         Customizable- Any size and any heels</div><div dir=\"auto\" style=\"font-family: &quot;Segoe UI Historic&quot;, &quot;Segoe UI&quot;, Helvetica, Arial, sans-serif; color: rgb(5, 5, 5); font-size: 15px; white-space: pre-wrap;\"><span style=\"font-family: inherit;\"><a tabindex=\"-1\" style=\"color: rgb(56, 88, 152); cursor: pointer; font-family: inherit;\"></a></span>Heel: 2.5 inch semi heels </div><div dir=\"auto\" style=\"font-family: &quot;Segoe UI Historic&quot;, &quot;Segoe UI&quot;, Helvetica, Arial, sans-serif; color: rgb(5, 5, 5); font-size: 15px; white-space: pre-wrap;\">Sole: Rubber</div><div dir=\"auto\" style=\"font-family: &quot;Segoe UI Historic&quot;, &quot;Segoe UI&quot;, Helvetica, Arial, sans-serif; color: rgb(5, 5, 5); font-size: 15px; white-space: pre-wrap;\">(You Can Order Customize Designs and Color as Per Your Choice){Conditions apply}</div><div dir=\"auto\" style=\"font-family: &quot;Segoe UI Historic&quot;, &quot;Segoe UI&quot;, Helvetica, Arial, sans-serif; color: rgb(5, 5, 5); font-size: 15px; white-space: pre-wrap;\">To order click here: <span style=\"font-family: inherit;\"><a class=\"x1i10hfl xjbqb8w x6umtig x1b1mbwd xaqea5y xav7gou x9f619 x1ypdohk xt0psk2 xe8uvvx xdj266r x11i5rnm xat24cr x1mh8g0r xexx8yu x4uap5 x18d9i69 xkhd6sd x16tdsg8 x1hl2dhg xggy1nq x1a2a7pz xt0b8zv x1fey0fg\" href=\"https://m.me/happyheels2020?fbclid=IwAR3Wkfz13lYz_A5XBZUT1FWEFuEY2zUgYWjUcWVkTCv6n7RrLLgxgXGc1hA\" rel=\"nofollow noopener\" role=\"link\" tabindex=\"0\" target=\"_blank\" style=\"color: var(--blue-link); cursor: pointer; margin: 0px; text-align: inherit; padding: 0px; outline: none; border-width: 0px; border-style: initial; border-color: initial; -webkit-tap-highlight-color: transparent; box-sizing: border-box; list-style: none; display: inline; font-family: inherit;\">m.me/happyheels2020</a></span></div>', 'Black,Pink,White', '35,36,37,38,39,40,41', 1199, 999, NULL, NULL, 1, NULL, '1', NULL, NULL, NULL, 1, '2023-02-28 05:37:55', '2023-02-28 05:38:00'),
(30, NULL, 4, 7, 2, 'Ladies Formal Mid Party Heels fashion', '63', 42, '<div dir=\"auto\" style=\"font-family: &quot;Segoe UI Historic&quot;, &quot;Segoe UI&quot;, Helvetica, Arial, sans-serif; color: rgb(5, 5, 5); font-size: 15px; white-space: pre-wrap;\"><span class=\"x3nfvp2 x1j61x8r x1fcty0u xdj266r xhhsvwb xat24cr xgzva0m xxymvpz xlup9mm x1kky2od\" style=\"width: 16px; display: inline-flex; margin: 0px 1px; height: 16px; vertical-align: middle; font-family: inherit;\"><img height=\"16\" width=\"16\" alt=\"🔸\" referrerpolicy=\"origin-when-cross-origin\" src=\"https://static.xx.fbcdn.net/images/emoji.php/v9/t72/1/16/1f538.png\" style=\"border: 0px;\"></span> Premium Quality Shoes.</div><div dir=\"auto\" style=\"font-family: &quot;Segoe UI Historic&quot;, &quot;Segoe UI&quot;, Helvetica, Arial, sans-serif; color: rgb(5, 5, 5); font-size: 15px; white-space: pre-wrap;\">Ladies Grab the Fashionable Heels and Sandals</div><div dir=\"auto\" style=\"font-family: &quot;Segoe UI Historic&quot;, &quot;Segoe UI&quot;, Helvetica, Arial, sans-serif; color: rgb(5, 5, 5); font-size: 15px; white-space: pre-wrap;\">Size: 35,36,37,38,39,40,41</div><div dir=\"auto\" style=\"font-family: &quot;Segoe UI Historic&quot;, &quot;Segoe UI&quot;, Helvetica, Arial, sans-serif; color: rgb(5, 5, 5); font-size: 15px; white-space: pre-wrap;\">         (34/42,43,44)</div><div dir=\"auto\" style=\"font-family: &quot;Segoe UI Historic&quot;, &quot;Segoe UI&quot;, Helvetica, Arial, sans-serif; color: rgb(5, 5, 5); font-size: 15px; white-space: pre-wrap;\">         Customizable- Any size and any heels</div><div dir=\"auto\" style=\"font-family: &quot;Segoe UI Historic&quot;, &quot;Segoe UI&quot;, Helvetica, Arial, sans-serif; color: rgb(5, 5, 5); font-size: 15px; white-space: pre-wrap;\"><span style=\"font-family: inherit;\"><a tabindex=\"-1\" style=\"color: rgb(56, 88, 152); cursor: pointer; font-family: inherit;\"></a></span>Heel: 2.5 inch box heels </div><div dir=\"auto\" style=\"font-family: &quot;Segoe UI Historic&quot;, &quot;Segoe UI&quot;, Helvetica, Arial, sans-serif; color: rgb(5, 5, 5); font-size: 15px; white-space: pre-wrap;\">Sole: Rubber</div><div dir=\"auto\" style=\"font-family: &quot;Segoe UI Historic&quot;, &quot;Segoe UI&quot;, Helvetica, Arial, sans-serif; color: rgb(5, 5, 5); font-size: 15px; white-space: pre-wrap;\">(You Can Order Customize Designs and Color as Per Your Choice){Conditions apply}</div><div dir=\"auto\" style=\"font-family: &quot;Segoe UI Historic&quot;, &quot;Segoe UI&quot;, Helvetica, Arial, sans-serif; color: rgb(5, 5, 5); font-size: 15px; white-space: pre-wrap;\">To order click here: <span style=\"font-family: inherit;\"><a class=\"x1i10hfl xjbqb8w x6umtig x1b1mbwd xaqea5y xav7gou x9f619 x1ypdohk xt0psk2 xe8uvvx xdj266r x11i5rnm xat24cr x1mh8g0r xexx8yu x4uap5 x18d9i69 xkhd6sd x16tdsg8 x1hl2dhg xggy1nq x1a2a7pz xt0b8zv x1fey0fg\" href=\"https://m.me/happyheels2020?fbclid=IwAR3Wkfz13lYz_A5XBZUT1FWEFuEY2zUgYWjUcWVkTCv6n7RrLLgxgXGc1hA\" rel=\"nofollow noopener\" role=\"link\" tabindex=\"0\" target=\"_blank\" style=\"color: var(--blue-link); cursor: pointer; margin: 0px; text-align: inherit; padding: 0px; outline: none; border-width: 0px; border-style: initial; border-color: initial; -webkit-tap-highlight-color: transparent; box-sizing: border-box; list-style: none; display: inline; font-family: inherit;\">m.me/happyheels2020</a></span></div>', 'Cream,Master,Black', '35,36,37,38,39,40,41', 1199, 999, NULL, NULL, NULL, NULL, '1', NULL, NULL, NULL, 1, '2023-02-28 05:45:26', '2023-02-28 05:45:32'),
(31, NULL, 3, 4, 2, 'Women\'s Mules Slippers Pointy Toe Slip On Shoes', '71', 45, 'value=\"<div dir=\"auto\" style=\"font-family: &quot;Segoe UI Historic&quot;, &quot;Segoe UI&quot;, Helvetica, Arial, sans-serif; color: rgb(5, 5, 5); font-size: 15px; white-space: pre-wrap;\"><span class=\"x3nfvp2 x1j61x8r x1fcty0u xdj266r xhhsvwb xat24cr xgzva0m xxymvpz xlup9mm x1kky2od\" style=\"width: 16px; display: inline-flex; margin: 0px 1px; height: 16px; vertical-align: middle; font-family: inherit;\"><img height=\"16\" width=\"16\" alt=\"🔸\" referrerpolicy=\"origin-when-cross-origin\" src=\"https://static.xx.fbcdn.net/images/emoji.php/v9/t72/1/16/1f538.png\" style=\"border: 0px;\"></span> Premium Quality Shoes.</div><div dir=\"auto\" style=\"font-family: &quot;Segoe UI Historic&quot;, &quot;Segoe UI&quot;, Helvetica, Arial, sans-serif; color: rgb(5, 5, 5); font-size: 15px; white-space: pre-wrap;\">Ladies Grab the Fashionable Heels and Sandals</div><div dir=\"auto\" style=\"font-family: &quot;Segoe UI Historic&quot;, &quot;Segoe UI&quot;, Helvetica, Arial, sans-serif; color: rgb(5, 5, 5); font-size: 15px; white-space: pre-wrap;\">Size: 35,36,37,38,39,40,41</div><div dir=\"auto\" style=\"font-family: &quot;Segoe UI Historic&quot;, &quot;Segoe UI&quot;, Helvetica, Arial, sans-serif; color: rgb(5, 5, 5); font-size: 15px; white-space: pre-wrap;\">         (34/42,43,44)</div><div dir=\"auto\" style=\"font-family: &quot;Segoe UI Historic&quot;, &quot;Segoe UI&quot;, Helvetica, Arial, sans-serif; color: rgb(5, 5, 5); font-size: 15px; white-space: pre-wrap;\">         Customizable- Any size and any heels</div><div dir=\"auto\" style=\"font-family: &quot;Segoe UI Historic&quot;, &quot;Segoe UI&quot;, Helvetica, Arial, sans-serif; color: rgb(5, 5, 5); font-size: 15px; white-space: pre-wrap;\"><span style=\"font-family: inherit;\"><a tabindex=\"-1\" style=\"color: rgb(56, 88, 152); cursor: pointer; font-family: inherit;\"></a></span>Heel: 2.5 inch pencil heels </div><div dir=\"auto\" style=\"font-family: &quot;Segoe UI Historic&quot;, &quot;Segoe UI&quot;, Helvetica, Arial, sans-serif; color: rgb(5, 5, 5); font-size: 15px; white-space: pre-wrap;\">Sole: Rubber</div><div dir=\"auto\" style=\"font-family: &quot;Segoe UI Historic&quot;, &quot;Segoe UI&quot;, Helvetica, Arial, sans-serif; color: rgb(5, 5, 5); font-size: 15px; white-space: pre-wrap;\">(You Can Order Customize Designs and Color as Per Your Choice){Conditions apply}</div><div dir=\"auto\" style=\"font-family: &quot;Segoe UI Historic&quot;, &quot;Segoe UI&quot;, Helvetica, Arial, sans-serif; color: rgb(5, 5, 5); font-size: 15px; white-space: pre-wrap;\">To order click here: <span style=\"font-family: inherit;\"><a class=\"x1i10hfl xjbqb8w x6umtig x1b1mbwd xaqea5y xav7gou x9f619 x1ypdohk xt0psk2 xe8uvvx xdj266r x11i5rnm xat24cr x1mh8g0r xexx8yu x4uap5 x18d9i69 xkhd6sd x16tdsg8 x1hl2dhg xggy1nq x1a2a7pz xt0b8zv x1fey0fg\" href=\"https://m.me/happyheels2020?fbclid=IwAR3Wkfz13lYz_A5XBZUT1FWEFuEY2zUgYWjUcWVkTCv6n7RrLLgxgXGc1hA\" rel=\"nofollow noopener\" role=\"link\" tabindex=\"0\" target=\"_blank\" style=\"color: var(--blue-link); cursor: pointer; margin: 0px; text-align: inherit; padding: 0px; outline: none; border-width: 0px; border-style: initial; border-color: initial; -webkit-tap-highlight-color: transparent; box-sizing: border-box; list-style: none; display: inline; font-family: inherit;\">m.me/happyheels2020</a></span></div>\"', 'Black,Pink,Ash,White', '35,36,37,38,39,40,41', 1199, 999, NULL, NULL, 1, NULL, '1', NULL, NULL, NULL, 1, '2023-02-28 05:53:17', '2023-02-28 05:53:39');
INSERT INTO `products` (`id`, `file_id`, `category_id`, `subcategory_id`, `brand_id`, `product_name`, `product_code`, `product_quantity`, `product_details`, `product_color`, `product_size`, `selling_price`, `discount_price`, `main_slider`, `hot_deal`, `best_rated`, `mid_slider`, `trend`, `image_one`, `image_two`, `image_three`, `status`, `created_at`, `updated_at`) VALUES
(32, NULL, 4, 7, 2, 'Women\'s Sandals Style Summer Shoes', '77', 50, '<div dir=\"auto\" style=\"font-family: &quot;Segoe UI Historic&quot;, &quot;Segoe UI&quot;, Helvetica, Arial, sans-serif; color: rgb(5, 5, 5); font-size: 15px; white-space: pre-wrap;\"><span class=\"x3nfvp2 x1j61x8r x1fcty0u xdj266r xhhsvwb xat24cr xgzva0m xxymvpz xlup9mm x1kky2od\" style=\"width: 16px; display: inline-flex; margin: 0px 1px; height: 16px; vertical-align: middle; font-family: inherit;\"><img height=\"16\" width=\"16\" alt=\"🔸\" referrerpolicy=\"origin-when-cross-origin\" src=\"https://static.xx.fbcdn.net/images/emoji.php/v9/t72/1/16/1f538.png\" style=\"border: 0px;\"></span> Premium Quality Shoes.</div><div dir=\"auto\" style=\"font-family: &quot;Segoe UI Historic&quot;, &quot;Segoe UI&quot;, Helvetica, Arial, sans-serif; color: rgb(5, 5, 5); font-size: 15px; white-space: pre-wrap;\">Ladies Grab the Fashionable Heels and Sandals</div><div dir=\"auto\" style=\"font-family: &quot;Segoe UI Historic&quot;, &quot;Segoe UI&quot;, Helvetica, Arial, sans-serif; color: rgb(5, 5, 5); font-size: 15px; white-space: pre-wrap;\">Size: 35,36,37,38,39,40,41</div><div dir=\"auto\" style=\"font-family: &quot;Segoe UI Historic&quot;, &quot;Segoe UI&quot;, Helvetica, Arial, sans-serif; color: rgb(5, 5, 5); font-size: 15px; white-space: pre-wrap;\">         (34/42,43,44)</div><div dir=\"auto\" style=\"font-family: &quot;Segoe UI Historic&quot;, &quot;Segoe UI&quot;, Helvetica, Arial, sans-serif; color: rgb(5, 5, 5); font-size: 15px; white-space: pre-wrap;\">         Customizable- Any size and any heels</div><div dir=\"auto\" style=\"font-family: &quot;Segoe UI Historic&quot;, &quot;Segoe UI&quot;, Helvetica, Arial, sans-serif; color: rgb(5, 5, 5); font-size: 15px; white-space: pre-wrap;\"><span style=\"font-family: inherit;\"><a tabindex=\"-1\" style=\"color: rgb(56, 88, 152); cursor: pointer; font-family: inherit;\"></a></span>Heel: Flat heel </div><div dir=\"auto\" style=\"font-family: &quot;Segoe UI Historic&quot;, &quot;Segoe UI&quot;, Helvetica, Arial, sans-serif; color: rgb(5, 5, 5); font-size: 15px; white-space: pre-wrap;\">Sole: Rubber</div><div dir=\"auto\" style=\"font-family: &quot;Segoe UI Historic&quot;, &quot;Segoe UI&quot;, Helvetica, Arial, sans-serif; color: rgb(5, 5, 5); font-size: 15px; white-space: pre-wrap;\">(You Can Order Customize Designs and Color as Per Your Choice){Conditions apply}</div><div dir=\"auto\" style=\"font-family: &quot;Segoe UI Historic&quot;, &quot;Segoe UI&quot;, Helvetica, Arial, sans-serif; color: rgb(5, 5, 5); font-size: 15px; white-space: pre-wrap;\">To order click here: <span style=\"font-family: inherit;\"><a class=\"x1i10hfl xjbqb8w x6umtig x1b1mbwd xaqea5y xav7gou x9f619 x1ypdohk xt0psk2 xe8uvvx xdj266r x11i5rnm xat24cr x1mh8g0r xexx8yu x4uap5 x18d9i69 xkhd6sd x16tdsg8 x1hl2dhg xggy1nq x1a2a7pz xt0b8zv x1fey0fg\" href=\"https://m.me/happyheels2020?fbclid=IwAR3Wkfz13lYz_A5XBZUT1FWEFuEY2zUgYWjUcWVkTCv6n7RrLLgxgXGc1hA\" rel=\"nofollow noopener\" role=\"link\" tabindex=\"0\" target=\"_blank\" style=\"color: var(--blue-link); cursor: pointer; margin: 0px; text-align: inherit; padding: 0px; outline: none; border-width: 0px; border-style: initial; border-color: initial; -webkit-tap-highlight-color: transparent; box-sizing: border-box; list-style: none; display: inline; font-family: inherit;\">m.me/happyheels2020</a></span></div>', 'Black,White,Ash,Master', '35,36,37,38,39,40,41', 1199, 999, NULL, NULL, 1, NULL, '1', NULL, NULL, NULL, 1, '2023-02-28 06:06:08', '2023-02-28 06:06:13'),
(33, NULL, 4, 7, 2, 'Women fashion heels sandal', '22', 35, '<div dir=\"auto\" style=\"font-family: &quot;Segoe UI Historic&quot;, &quot;Segoe UI&quot;, Helvetica, Arial, sans-serif; color: rgb(5, 5, 5); font-size: 15px; white-space: pre-wrap;\"><span class=\"x3nfvp2 x1j61x8r x1fcty0u xdj266r xhhsvwb xat24cr xgzva0m xxymvpz xlup9mm x1kky2od\" style=\"width: 16px; display: inline-flex; margin: 0px 1px; height: 16px; vertical-align: middle; font-family: inherit;\"><img height=\"16\" width=\"16\" alt=\"🔸\" referrerpolicy=\"origin-when-cross-origin\" src=\"https://static.xx.fbcdn.net/images/emoji.php/v9/t72/1/16/1f538.png\" style=\"border: 0px;\"></span> Premium Quality Shoes.</div><div dir=\"auto\" style=\"font-family: &quot;Segoe UI Historic&quot;, &quot;Segoe UI&quot;, Helvetica, Arial, sans-serif; color: rgb(5, 5, 5); font-size: 15px; white-space: pre-wrap;\">Ladies Grab the Fashionable Heels and Sandals</div><div dir=\"auto\" style=\"font-family: &quot;Segoe UI Historic&quot;, &quot;Segoe UI&quot;, Helvetica, Arial, sans-serif; color: rgb(5, 5, 5); font-size: 15px; white-space: pre-wrap;\">Size: 35,36,37,38,39,40,41</div><div dir=\"auto\" style=\"font-family: &quot;Segoe UI Historic&quot;, &quot;Segoe UI&quot;, Helvetica, Arial, sans-serif; color: rgb(5, 5, 5); font-size: 15px; white-space: pre-wrap;\">         (34/42,43,44)</div><div dir=\"auto\" style=\"font-family: &quot;Segoe UI Historic&quot;, &quot;Segoe UI&quot;, Helvetica, Arial, sans-serif; color: rgb(5, 5, 5); font-size: 15px; white-space: pre-wrap;\">         Customizable- Any size and any heels</div><div dir=\"auto\" style=\"font-family: &quot;Segoe UI Historic&quot;, &quot;Segoe UI&quot;, Helvetica, Arial, sans-serif; color: rgb(5, 5, 5); font-size: 15px; white-space: pre-wrap;\"><span style=\"font-family: inherit;\"><a tabindex=\"-1\" style=\"color: rgb(56, 88, 152); cursor: pointer; font-family: inherit;\"></a></span>Heel: 3 inch pencil heels </div><div dir=\"auto\" style=\"font-family: &quot;Segoe UI Historic&quot;, &quot;Segoe UI&quot;, Helvetica, Arial, sans-serif; color: rgb(5, 5, 5); font-size: 15px; white-space: pre-wrap;\">Sole: Rubber</div><div dir=\"auto\" style=\"font-family: &quot;Segoe UI Historic&quot;, &quot;Segoe UI&quot;, Helvetica, Arial, sans-serif; color: rgb(5, 5, 5); font-size: 15px; white-space: pre-wrap;\">(You Can Order Customize Designs and Color as Per Your Choice){Conditions apply}</div><div dir=\"auto\" style=\"font-family: &quot;Segoe UI Historic&quot;, &quot;Segoe UI&quot;, Helvetica, Arial, sans-serif; color: rgb(5, 5, 5); font-size: 15px; white-space: pre-wrap;\">To order click here: <span style=\"font-family: inherit;\"><a class=\"x1i10hfl xjbqb8w x6umtig x1b1mbwd xaqea5y xav7gou x9f619 x1ypdohk xt0psk2 xe8uvvx xdj266r x11i5rnm xat24cr x1mh8g0r xexx8yu x4uap5 x18d9i69 xkhd6sd x16tdsg8 x1hl2dhg xggy1nq x1a2a7pz xt0b8zv x1fey0fg\" href=\"https://m.me/happyheels2020?fbclid=IwAR3Wkfz13lYz_A5XBZUT1FWEFuEY2zUgYWjUcWVkTCv6n7RrLLgxgXGc1hA\" rel=\"nofollow noopener\" role=\"link\" tabindex=\"0\" target=\"_blank\" style=\"color: var(--blue-link); cursor: pointer; margin: 0px; text-align: inherit; padding: 0px; outline: none; border-width: 0px; border-style: initial; border-color: initial; -webkit-tap-highlight-color: transparent; box-sizing: border-box; list-style: none; display: inline; font-family: inherit;\">m.me/happyheels2020</a></span></div>', 'Black,Rose Gold,Silver,Gold', '35,36,37,38,39,40,41', 1399, 1199, NULL, 1, 1, NULL, '1', NULL, NULL, NULL, 1, '2023-02-28 06:49:12', '2023-02-28 06:49:19'),
(34, NULL, 4, 7, 2, 'Ladies\' Formal Mid Party Heels fashion', '145', 50, '<div dir=\"auto\" style=\"font-family: &quot;Segoe UI Historic&quot;, &quot;Segoe UI&quot;, Helvetica, Arial, sans-serif; color: rgb(5, 5, 5); font-size: 15px; white-space: pre-wrap;\"><span class=\"x3nfvp2 x1j61x8r x1fcty0u xdj266r xhhsvwb xat24cr xgzva0m xxymvpz xlup9mm x1kky2od\" style=\"width: 16px; display: inline-flex; margin: 0px 1px; height: 16px; vertical-align: middle; font-family: inherit;\"><img height=\"16\" width=\"16\" alt=\"🔸\" referrerpolicy=\"origin-when-cross-origin\" src=\"https://static.xx.fbcdn.net/images/emoji.php/v9/t72/1/16/1f538.png\" style=\"border: 0px;\"></span> Premium Quality Shoes.</div><div dir=\"auto\" style=\"font-family: &quot;Segoe UI Historic&quot;, &quot;Segoe UI&quot;, Helvetica, Arial, sans-serif; color: rgb(5, 5, 5); font-size: 15px; white-space: pre-wrap;\">Ladies Grab the Fashionable Heels and Sandals</div><div dir=\"auto\" style=\"font-family: &quot;Segoe UI Historic&quot;, &quot;Segoe UI&quot;, Helvetica, Arial, sans-serif; color: rgb(5, 5, 5); font-size: 15px; white-space: pre-wrap;\">Size: 35,36,37,38,39,40,41</div><div dir=\"auto\" style=\"font-family: &quot;Segoe UI Historic&quot;, &quot;Segoe UI&quot;, Helvetica, Arial, sans-serif; color: rgb(5, 5, 5); font-size: 15px; white-space: pre-wrap;\">         (34/42,43,44)</div><div dir=\"auto\" style=\"font-family: &quot;Segoe UI Historic&quot;, &quot;Segoe UI&quot;, Helvetica, Arial, sans-serif; color: rgb(5, 5, 5); font-size: 15px; white-space: pre-wrap;\">         Customizable- Any size and any heels</div><div dir=\"auto\" style=\"font-family: &quot;Segoe UI Historic&quot;, &quot;Segoe UI&quot;, Helvetica, Arial, sans-serif; color: rgb(5, 5, 5); font-size: 15px; white-space: pre-wrap;\"><span style=\"font-family: inherit;\"><a tabindex=\"-1\" style=\"color: rgb(56, 88, 152); cursor: pointer; font-family: inherit;\"></a></span>Heel: 2 inch box heels</div><div dir=\"auto\" style=\"font-family: &quot;Segoe UI Historic&quot;, &quot;Segoe UI&quot;, Helvetica, Arial, sans-serif; color: rgb(5, 5, 5); font-size: 15px; white-space: pre-wrap;\">Sole: Rubber</div><div dir=\"auto\" style=\"font-family: &quot;Segoe UI Historic&quot;, &quot;Segoe UI&quot;, Helvetica, Arial, sans-serif; color: rgb(5, 5, 5); font-size: 15px; white-space: pre-wrap;\">(You Can Order Customize Designs and Color as Per Your Choice){Conditions apply}</div><div dir=\"auto\" style=\"font-family: &quot;Segoe UI Historic&quot;, &quot;Segoe UI&quot;, Helvetica, Arial, sans-serif; color: rgb(5, 5, 5); font-size: 15px; white-space: pre-wrap;\">To order click here: <span style=\"font-family: inherit;\"><a class=\"x1i10hfl xjbqb8w x6umtig x1b1mbwd xaqea5y xav7gou x9f619 x1ypdohk xt0psk2 xe8uvvx xdj266r x11i5rnm xat24cr x1mh8g0r xexx8yu x4uap5 x18d9i69 xkhd6sd x16tdsg8 x1hl2dhg xggy1nq x1a2a7pz xt0b8zv x1fey0fg\" href=\"https://m.me/happyheels2020?fbclid=IwAR3Wkfz13lYz_A5XBZUT1FWEFuEY2zUgYWjUcWVkTCv6n7RrLLgxgXGc1hA\" rel=\"nofollow noopener\" role=\"link\" tabindex=\"0\" target=\"_blank\" style=\"color: var(--blue-link); cursor: pointer; margin: 0px; text-align: inherit; padding: 0px; outline: none; border-width: 0px; border-style: initial; border-color: initial; -webkit-tap-highlight-color: transparent; box-sizing: border-box; list-style: none; display: inline; font-family: inherit;\">m.me/happyheels2020</a></span></div>', 'White,Black', '35,36,37,38,39,40,41', 1199, 999, NULL, NULL, NULL, NULL, '1', NULL, NULL, NULL, 1, '2023-02-28 07:08:23', '2023-02-28 07:08:31'),
(35, NULL, 3, 4, 2, 'Women Fashionable Dressy Party Club Shoes', '148', 50, '<div dir=\"auto\" style=\"font-family: &quot;Segoe UI Historic&quot;, &quot;Segoe UI&quot;, Helvetica, Arial, sans-serif; color: rgb(5, 5, 5); font-size: 15px; white-space: pre-wrap;\"><span class=\"x3nfvp2 x1j61x8r x1fcty0u xdj266r xhhsvwb xat24cr xgzva0m xxymvpz xlup9mm x1kky2od\" style=\"width: 16px; display: inline-flex; margin: 0px 1px; height: 16px; vertical-align: middle; font-family: inherit;\"><img height=\"16\" width=\"16\" alt=\"🔸\" referrerpolicy=\"origin-when-cross-origin\" src=\"https://static.xx.fbcdn.net/images/emoji.php/v9/t72/1/16/1f538.png\" style=\"border: 0px;\"></span> Premium Quality Shoes.</div><div dir=\"auto\" style=\"font-family: &quot;Segoe UI Historic&quot;, &quot;Segoe UI&quot;, Helvetica, Arial, sans-serif; color: rgb(5, 5, 5); font-size: 15px; white-space: pre-wrap;\">Ladies Grab the Fashionable Heels and Sandals</div><div dir=\"auto\" style=\"font-family: &quot;Segoe UI Historic&quot;, &quot;Segoe UI&quot;, Helvetica, Arial, sans-serif; color: rgb(5, 5, 5); font-size: 15px; white-space: pre-wrap;\">Size: 35,36,37,38,39,40,41</div><div dir=\"auto\" style=\"font-family: &quot;Segoe UI Historic&quot;, &quot;Segoe UI&quot;, Helvetica, Arial, sans-serif; color: rgb(5, 5, 5); font-size: 15px; white-space: pre-wrap;\">         (34/42,43,44)</div><div dir=\"auto\" style=\"font-family: &quot;Segoe UI Historic&quot;, &quot;Segoe UI&quot;, Helvetica, Arial, sans-serif; color: rgb(5, 5, 5); font-size: 15px; white-space: pre-wrap;\">         Customizable- Any size and any heels</div><div dir=\"auto\" style=\"font-family: &quot;Segoe UI Historic&quot;, &quot;Segoe UI&quot;, Helvetica, Arial, sans-serif; color: rgb(5, 5, 5); font-size: 15px; white-space: pre-wrap;\"><span style=\"font-family: inherit;\"><a tabindex=\"-1\" style=\"color: rgb(56, 88, 152); cursor: pointer; font-family: inherit;\"></a></span>Heel: 1.7 inch Box heel </div><div dir=\"auto\" style=\"font-family: &quot;Segoe UI Historic&quot;, &quot;Segoe UI&quot;, Helvetica, Arial, sans-serif; color: rgb(5, 5, 5); font-size: 15px; white-space: pre-wrap;\">Sole: Rubber</div><div dir=\"auto\" style=\"font-family: &quot;Segoe UI Historic&quot;, &quot;Segoe UI&quot;, Helvetica, Arial, sans-serif; color: rgb(5, 5, 5); font-size: 15px; white-space: pre-wrap;\">(You Can Order Customize Designs and Color as Per Your Choice){Conditions apply}</div><div dir=\"auto\" style=\"font-family: &quot;Segoe UI Historic&quot;, &quot;Segoe UI&quot;, Helvetica, Arial, sans-serif; color: rgb(5, 5, 5); font-size: 15px; white-space: pre-wrap;\">To order click here: <span style=\"font-family: inherit;\"><a class=\"x1i10hfl xjbqb8w x6umtig x1b1mbwd xaqea5y xav7gou x9f619 x1ypdohk xt0psk2 xe8uvvx xdj266r x11i5rnm xat24cr x1mh8g0r xexx8yu x4uap5 x18d9i69 xkhd6sd x16tdsg8 x1hl2dhg xggy1nq x1a2a7pz xt0b8zv x1fey0fg\" href=\"https://m.me/happyheels2020?fbclid=IwAR3Wkfz13lYz_A5XBZUT1FWEFuEY2zUgYWjUcWVkTCv6n7RrLLgxgXGc1hA\" rel=\"nofollow noopener\" role=\"link\" tabindex=\"0\" target=\"_blank\" style=\"color: var(--blue-link); cursor: pointer; margin: 0px; text-align: inherit; padding: 0px; outline: none; border-width: 0px; border-style: initial; border-color: initial; -webkit-tap-highlight-color: transparent; box-sizing: border-box; list-style: none; display: inline; font-family: inherit;\">m.me/happyheels2020</a></span></div>', 'Pink,Master,Black,maroon', '35,36,37,38,39,40,41', 1799, 1399, NULL, NULL, NULL, NULL, '1', NULL, NULL, NULL, 1, '2023-02-28 07:21:15', '2023-02-28 07:21:21'),
(36, NULL, 4, 7, 2, 'Ladies Formal Fashionable Heels', '126', 40, '<div dir=\"auto\" style=\"font-family: &quot;Segoe UI Historic&quot;, &quot;Segoe UI&quot;, Helvetica, Arial, sans-serif; color: rgb(5, 5, 5); font-size: 15px; white-space: pre-wrap;\"><span class=\"x3nfvp2 x1j61x8r x1fcty0u xdj266r xhhsvwb xat24cr xgzva0m xxymvpz xlup9mm x1kky2od\" style=\"width: 16px; display: inline-flex; margin: 0px 1px; height: 16px; vertical-align: middle; font-family: inherit;\"><img height=\"16\" width=\"16\" alt=\"🔸\" referrerpolicy=\"origin-when-cross-origin\" src=\"https://static.xx.fbcdn.net/images/emoji.php/v9/t72/1/16/1f538.png\" style=\"border: 0px;\"></span> Premium Quality Shoes.</div><div dir=\"auto\" style=\"font-family: &quot;Segoe UI Historic&quot;, &quot;Segoe UI&quot;, Helvetica, Arial, sans-serif; color: rgb(5, 5, 5); font-size: 15px; white-space: pre-wrap;\">Ladies Grab the Fashionable Heels and Sandals</div><div dir=\"auto\" style=\"font-family: &quot;Segoe UI Historic&quot;, &quot;Segoe UI&quot;, Helvetica, Arial, sans-serif; color: rgb(5, 5, 5); font-size: 15px; white-space: pre-wrap;\">Size: 35,36,37,38,39,40,41</div><div dir=\"auto\" style=\"font-family: &quot;Segoe UI Historic&quot;, &quot;Segoe UI&quot;, Helvetica, Arial, sans-serif; color: rgb(5, 5, 5); font-size: 15px; white-space: pre-wrap;\">         (34/42,43,44)</div><div dir=\"auto\" style=\"font-family: &quot;Segoe UI Historic&quot;, &quot;Segoe UI&quot;, Helvetica, Arial, sans-serif; color: rgb(5, 5, 5); font-size: 15px; white-space: pre-wrap;\">         Customizable- Any size and any heels</div><div dir=\"auto\" style=\"font-family: &quot;Segoe UI Historic&quot;, &quot;Segoe UI&quot;, Helvetica, Arial, sans-serif; color: rgb(5, 5, 5); font-size: 15px; white-space: pre-wrap;\"><span style=\"font-family: inherit;\"><a tabindex=\"-1\" style=\"color: rgb(56, 88, 152); cursor: pointer; font-family: inherit;\"></a></span>Heel: 1 inch heel </div><div dir=\"auto\" style=\"font-family: &quot;Segoe UI Historic&quot;, &quot;Segoe UI&quot;, Helvetica, Arial, sans-serif; color: rgb(5, 5, 5); font-size: 15px; white-space: pre-wrap;\">Sole: Rubber</div><div dir=\"auto\" style=\"font-family: &quot;Segoe UI Historic&quot;, &quot;Segoe UI&quot;, Helvetica, Arial, sans-serif; color: rgb(5, 5, 5); font-size: 15px; white-space: pre-wrap;\">(You Can Order Customize Designs and Color as Per Your Choice){Conditions apply}</div><div dir=\"auto\" style=\"font-family: &quot;Segoe UI Historic&quot;, &quot;Segoe UI&quot;, Helvetica, Arial, sans-serif; color: rgb(5, 5, 5); font-size: 15px; white-space: pre-wrap;\">To order click here: <span style=\"font-family: inherit;\"><a class=\"x1i10hfl xjbqb8w x6umtig x1b1mbwd xaqea5y xav7gou x9f619 x1ypdohk xt0psk2 xe8uvvx xdj266r x11i5rnm xat24cr x1mh8g0r xexx8yu x4uap5 x18d9i69 xkhd6sd x16tdsg8 x1hl2dhg xggy1nq x1a2a7pz xt0b8zv x1fey0fg\" href=\"https://m.me/happyheels2020?fbclid=IwAR3Wkfz13lYz_A5XBZUT1FWEFuEY2zUgYWjUcWVkTCv6n7RrLLgxgXGc1hA\" rel=\"nofollow noopener\" role=\"link\" tabindex=\"0\" target=\"_blank\" style=\"color: var(--blue-link); cursor: pointer; margin: 0px; text-align: inherit; padding: 0px; outline: none; border-width: 0px; border-style: initial; border-color: initial; -webkit-tap-highlight-color: transparent; box-sizing: border-box; list-style: none; display: inline; font-family: inherit;\">m.me/happyheels2020</a></span></div>', 'black,Master,Pink,White', '35,36,37,38,39,40,41', 1199, 999, NULL, NULL, NULL, NULL, '1', NULL, NULL, NULL, 1, '2023-02-28 08:10:57', '2023-02-28 08:11:06'),
(37, NULL, 4, 7, 2, 'Ladies Formal Heels Sandal', '49', 60, '<div dir=\"auto\" style=\"font-family: &quot;Segoe UI Historic&quot;, &quot;Segoe UI&quot;, Helvetica, Arial, sans-serif; color: rgb(5, 5, 5); font-size: 15px; white-space: pre-wrap;\"><span class=\"x3nfvp2 x1j61x8r x1fcty0u xdj266r xhhsvwb xat24cr xgzva0m xxymvpz xlup9mm x1kky2od\" style=\"width: 16px; display: inline-flex; margin: 0px 1px; height: 16px; vertical-align: middle; font-family: inherit;\"><img height=\"16\" width=\"16\" alt=\"🔸\" referrerpolicy=\"origin-when-cross-origin\" src=\"https://static.xx.fbcdn.net/images/emoji.php/v9/t72/1/16/1f538.png\" style=\"border: 0px;\"></span> Premium Quality Shoes.</div><div dir=\"auto\" style=\"font-family: &quot;Segoe UI Historic&quot;, &quot;Segoe UI&quot;, Helvetica, Arial, sans-serif; color: rgb(5, 5, 5); font-size: 15px; white-space: pre-wrap;\">Ladies Grab the Fashionable Heels and Sandals</div><div dir=\"auto\" style=\"font-family: &quot;Segoe UI Historic&quot;, &quot;Segoe UI&quot;, Helvetica, Arial, sans-serif; color: rgb(5, 5, 5); font-size: 15px; white-space: pre-wrap;\">Size: 35,36,37,38,39,40,41</div><div dir=\"auto\" style=\"font-family: &quot;Segoe UI Historic&quot;, &quot;Segoe UI&quot;, Helvetica, Arial, sans-serif; color: rgb(5, 5, 5); font-size: 15px; white-space: pre-wrap;\">         (34/42,43,44)</div><div dir=\"auto\" style=\"font-family: &quot;Segoe UI Historic&quot;, &quot;Segoe UI&quot;, Helvetica, Arial, sans-serif; color: rgb(5, 5, 5); font-size: 15px; white-space: pre-wrap;\">         Customizable- Any size and any heels</div><div dir=\"auto\" style=\"font-family: &quot;Segoe UI Historic&quot;, &quot;Segoe UI&quot;, Helvetica, Arial, sans-serif; color: rgb(5, 5, 5); font-size: 15px; white-space: pre-wrap;\"><span style=\"font-family: inherit;\"><a tabindex=\"-1\" style=\"color: rgb(56, 88, 152); cursor: pointer; font-family: inherit;\"></a></span>Heel: 2.5 inch transparent heels</div><div dir=\"auto\" style=\"font-family: &quot;Segoe UI Historic&quot;, &quot;Segoe UI&quot;, Helvetica, Arial, sans-serif; color: rgb(5, 5, 5); font-size: 15px; white-space: pre-wrap;\">Sole: Rubber</div><div dir=\"auto\" style=\"font-family: &quot;Segoe UI Historic&quot;, &quot;Segoe UI&quot;, Helvetica, Arial, sans-serif; color: rgb(5, 5, 5); font-size: 15px; white-space: pre-wrap;\">(You Can Order Customize Designs and Color as Per Your Choice){Conditions apply}</div><div dir=\"auto\" style=\"font-family: &quot;Segoe UI Historic&quot;, &quot;Segoe UI&quot;, Helvetica, Arial, sans-serif; color: rgb(5, 5, 5); font-size: 15px; white-space: pre-wrap;\">To order click here: <span style=\"font-family: inherit;\"><a class=\"x1i10hfl xjbqb8w x6umtig x1b1mbwd xaqea5y xav7gou x9f619 x1ypdohk xt0psk2 xe8uvvx xdj266r x11i5rnm xat24cr x1mh8g0r xexx8yu x4uap5 x18d9i69 xkhd6sd x16tdsg8 x1hl2dhg xggy1nq x1a2a7pz xt0b8zv x1fey0fg\" href=\"https://m.me/happyheels2020?fbclid=IwAR3Wkfz13lYz_A5XBZUT1FWEFuEY2zUgYWjUcWVkTCv6n7RrLLgxgXGc1hA\" rel=\"nofollow noopener\" role=\"link\" tabindex=\"0\" target=\"_blank\" style=\"color: var(--blue-link); cursor: pointer; text-decoration-line: underline; margin: 0px; text-align: inherit; padding: 0px; outline: none; border-width: 0px; border-style: initial; border-color: initial; -webkit-tap-highlight-color: transparent; box-sizing: border-box; list-style: none; display: inline; font-family: inherit;\">m.me/happyheels2020</a></span></div>', 'Black,Golden,Silver', '35,36,37,38,39,40,41', 1199, 999, NULL, NULL, NULL, NULL, '1', NULL, NULL, NULL, 1, '2023-02-28 08:41:27', '2023-02-28 08:41:52'),
(38, NULL, 3, 4, 2, 'Ladies Fashionable shoes', '28', 100, '<div dir=\"auto\" style=\"font-family: &quot;Segoe UI Historic&quot;, &quot;Segoe UI&quot;, Helvetica, Arial, sans-serif; color: rgb(5, 5, 5); font-size: 15px; white-space: pre-wrap;\"><span class=\"x3nfvp2 x1j61x8r x1fcty0u xdj266r xhhsvwb xat24cr xgzva0m xxymvpz xlup9mm x1kky2od\" style=\"width: 16px; display: inline-flex; margin: 0px 1px; height: 16px; vertical-align: middle; font-family: inherit;\"><img height=\"16\" width=\"16\" alt=\"🔸\" referrerpolicy=\"origin-when-cross-origin\" src=\"https://static.xx.fbcdn.net/images/emoji.php/v9/t72/1/16/1f538.png\" style=\"border: 0px;\"></span> Premium Quality Shoes.</div><div dir=\"auto\" style=\"font-family: &quot;Segoe UI Historic&quot;, &quot;Segoe UI&quot;, Helvetica, Arial, sans-serif; color: rgb(5, 5, 5); font-size: 15px; white-space: pre-wrap;\">Ladies Grab the Fashionable Heels and Sandals</div><div dir=\"auto\" style=\"font-family: &quot;Segoe UI Historic&quot;, &quot;Segoe UI&quot;, Helvetica, Arial, sans-serif; color: rgb(5, 5, 5); font-size: 15px; white-space: pre-wrap;\">Size: 35,36,37,38,39,40,41</div><div dir=\"auto\" style=\"font-family: &quot;Segoe UI Historic&quot;, &quot;Segoe UI&quot;, Helvetica, Arial, sans-serif; color: rgb(5, 5, 5); font-size: 15px; white-space: pre-wrap;\">         (34/42,43,44)</div><div dir=\"auto\" style=\"font-family: &quot;Segoe UI Historic&quot;, &quot;Segoe UI&quot;, Helvetica, Arial, sans-serif; color: rgb(5, 5, 5); font-size: 15px; white-space: pre-wrap;\">         Customizable- Any size and any heels</div><div dir=\"auto\" style=\"font-family: &quot;Segoe UI Historic&quot;, &quot;Segoe UI&quot;, Helvetica, Arial, sans-serif; color: rgb(5, 5, 5); font-size: 15px; white-space: pre-wrap;\"><span style=\"font-family: inherit;\"><a tabindex=\"-1\" style=\"color: rgb(56, 88, 152); cursor: pointer; font-family: inherit;\"></a></span>Heel: 1.5 inch balance heel </div><div dir=\"auto\" style=\"font-family: &quot;Segoe UI Historic&quot;, &quot;Segoe UI&quot;, Helvetica, Arial, sans-serif; color: rgb(5, 5, 5); font-size: 15px; white-space: pre-wrap;\">Sole: Rubber</div><div dir=\"auto\" style=\"font-family: &quot;Segoe UI Historic&quot;, &quot;Segoe UI&quot;, Helvetica, Arial, sans-serif; color: rgb(5, 5, 5); font-size: 15px; white-space: pre-wrap;\">(You Can Order Customize Designs and Color as Per Your Choice){Conditions apply}</div><div dir=\"auto\" style=\"font-family: &quot;Segoe UI Historic&quot;, &quot;Segoe UI&quot;, Helvetica, Arial, sans-serif; color: rgb(5, 5, 5); font-size: 15px; white-space: pre-wrap;\">To order click here: <span style=\"font-family: inherit;\"><a class=\"x1i10hfl xjbqb8w x6umtig x1b1mbwd xaqea5y xav7gou x9f619 x1ypdohk xt0psk2 xe8uvvx xdj266r x11i5rnm xat24cr x1mh8g0r xexx8yu x4uap5 x18d9i69 xkhd6sd x16tdsg8 x1hl2dhg xggy1nq x1a2a7pz xt0b8zv x1fey0fg\" href=\"https://m.me/happyheels2020?fbclid=IwAR3Wkfz13lYz_A5XBZUT1FWEFuEY2zUgYWjUcWVkTCv6n7RrLLgxgXGc1hA\" rel=\"nofollow noopener\" role=\"link\" tabindex=\"0\" target=\"_blank\" style=\"color: var(--blue-link); cursor: pointer; margin: 0px; text-align: inherit; padding: 0px; outline: none; border-width: 0px; border-style: initial; border-color: initial; -webkit-tap-highlight-color: transparent; box-sizing: border-box; list-style: none; display: inline; font-family: inherit;\">m.me/happyheels2020</a></span></div>', 'Pink,Black,Red,Master,Olive', '35,36,37,38,39,40,41', 1199, 999, NULL, NULL, 1, NULL, '1', NULL, NULL, NULL, 1, '2023-02-28 08:52:07', '2023-02-28 08:52:12');

-- --------------------------------------------------------

--
-- Table structure for table `seos`
--

CREATE TABLE `seos` (
  `id` bigint(20) UNSIGNED NOT NULL,
  `meta_title` varchar(255) DEFAULT NULL,
  `meta_author` varchar(255) DEFAULT NULL,
  `meta_tag` varchar(255) DEFAULT NULL,
  `meta_description` text DEFAULT NULL,
  `google_analytics` text DEFAULT NULL,
  `bing_analyticst` varchar(255) DEFAULT NULL,
  `created_at` timestamp NULL DEFAULT NULL,
  `updated_at` timestamp NULL DEFAULT NULL
) ENGINE=InnoDB DEFAULT CHARSET=utf8mb4 COLLATE=utf8mb4_unicode_ci;

-- --------------------------------------------------------

--
-- Table structure for table `settings`
--

CREATE TABLE `settings` (
  `id` bigint(20) UNSIGNED NOT NULL,
  `vat` int(11) DEFAULT NULL,
  `shipping_charge` int(11) DEFAULT NULL,
  `shopname` varchar(255) NOT NULL,
  `email` varchar(255) NOT NULL,
  `phone` varchar(255) NOT NULL,
  `address` varchar(255) NOT NULL,
  `logo` varchar(255) DEFAULT NULL,
  `created_at` timestamp NULL DEFAULT NULL,
  `updated_at` timestamp NULL DEFAULT NULL
) ENGINE=InnoDB DEFAULT CHARSET=utf8mb4 COLLATE=utf8mb4_unicode_ci;

-- --------------------------------------------------------

--
-- Table structure for table `shippings`
--

CREATE TABLE `shippings` (
  `id` bigint(20) UNSIGNED NOT NULL,
  `user_id` int(11) NOT NULL,
  `order_id` int(11) NOT NULL,
  `division` varchar(255) NOT NULL,
  `district` varchar(255) NOT NULL,
  `area` varchar(255) NOT NULL,
  `zip` varchar(255) NOT NULL,
  `address` varchar(255) NOT NULL,
  `created_at` timestamp NULL DEFAULT NULL,
  `updated_at` timestamp NULL DEFAULT NULL
) ENGINE=InnoDB DEFAULT CHARSET=utf8mb4 COLLATE=utf8mb4_unicode_ci;

--
-- Dumping data for table `shippings`
--

INSERT INTO `shippings` (`id`, `user_id`, `order_id`, `division`, `district`, `area`, `zip`, `address`, `created_at`, `updated_at`) VALUES
(1, 1, 1, 'Dhaka', 'Dhaka', 'Rampura', 'zzzzz', 'zczzx', NULL, NULL),
(2, 2, 2, 'Dhaka', 'Munshiganj', 'Munshiganj Sadar', '1212', 'Mirkadim', NULL, NULL),
(3, 3, 3, 'Dhaka', 'Kishoreganj', 'Karimganj', '2300', 'Sador', NULL, NULL);

-- --------------------------------------------------------

--
-- Table structure for table `sites`
--

CREATE TABLE `sites` (
  `id` bigint(20) UNSIGNED NOT NULL,
  `phone` varchar(255) DEFAULT NULL,
  `email` varchar(255) DEFAULT NULL,
  `address` varchar(255) DEFAULT NULL,
  `company_name` varchar(255) DEFAULT NULL,
  `facebook` varchar(255) DEFAULT NULL,
  `google` varchar(255) DEFAULT NULL,
  `tweeter` varchar(255) DEFAULT NULL,
  `youtube` varchar(255) DEFAULT NULL,
  `created_at` timestamp NULL DEFAULT NULL,
  `updated_at` timestamp NULL DEFAULT NULL
) ENGINE=InnoDB DEFAULT CHARSET=utf8mb4 COLLATE=utf8mb4_unicode_ci;

-- --------------------------------------------------------

--
-- Table structure for table `sub_categories`
--

CREATE TABLE `sub_categories` (
  `id` bigint(20) UNSIGNED NOT NULL,
  `category_id` bigint(20) UNSIGNED NOT NULL,
  `sub_category_name` varchar(255) NOT NULL,
  `created_at` timestamp NULL DEFAULT NULL,
  `updated_at` timestamp NULL DEFAULT NULL
) ENGINE=InnoDB DEFAULT CHARSET=utf8mb4 COLLATE=utf8mb4_unicode_ci;

--
-- Dumping data for table `sub_categories`
--

INSERT INTO `sub_categories` (`id`, `category_id`, `sub_category_name`, `created_at`, `updated_at`) VALUES
(4, 3, 'Women Fashion', '2023-02-25 23:19:51', '2023-02-25 23:19:51'),
(5, 5, 'Ladies Fashion', '2023-02-26 00:13:30', '2023-02-26 00:13:30'),
(6, 6, 'Women Fashion', '2023-02-26 00:13:53', '2023-02-26 00:13:53'),
(7, 4, 'Ladies Fashion', '2023-02-26 00:14:35', '2023-02-26 00:14:35'),
(8, 5, 'Women Shoes', '2023-02-26 00:14:51', '2023-02-26 00:14:51');

-- --------------------------------------------------------

--
-- Table structure for table `users`
--

CREATE TABLE `users` (
  `id` bigint(20) UNSIGNED NOT NULL,
  `name` varchar(255) NOT NULL,
  `email` varchar(255) NOT NULL,
  `email_verified_at` timestamp NULL DEFAULT NULL,
  `password` varchar(255) DEFAULT NULL,
  `google_id` varchar(255) DEFAULT NULL,
  `facebook_id` varchar(255) DEFAULT NULL,
  `remember_token` varchar(100) DEFAULT NULL,
  `image` varchar(255) DEFAULT NULL,
  `created_at` timestamp NULL DEFAULT NULL,
  `updated_at` timestamp NULL DEFAULT NULL
) ENGINE=InnoDB DEFAULT CHARSET=utf8mb4 COLLATE=utf8mb4_unicode_ci;

--
-- Dumping data for table `users`
--

INSERT INTO `users` (`id`, `name`, `email`, `email_verified_at`, `password`, `google_id`, `facebook_id`, `remember_token`, `image`, `created_at`, `updated_at`) VALUES
(6, 'MD Abul Hossain', 'hasan54875@gmail.com', NULL, 'eyJpdiI6InEvY3dlRExXVkxiclpMbFpPYkRUZGc9PSIsInZhbHVlIjoiYVkxZ09takI1UExXajZBMjdlSmpNaWVkWVIzQTFwbloybEhCZ25meVFkZz0iLCJtYWMiOiJlYWRlYzYxNmU0MTBjY2Q5OGUwYjcwOGQwODEyZWYzZmEzYjg5MmVhMDFjZDNlMWUzMjA0NTM2NTM5OGY4MGYyIiwidGFnIjoiIn0=', NULL, '513700287593263', NULL, NULL, '2023-02-27 12:35:13', '2023-02-27 12:35:13'),
(7, 'adnan', 'adnan@gmail.com', NULL, '$2y$10$yGU26MdYomdBJKCevEIoEuPHS7dDonU/YGiRm7O7UIn4u25ZddbLC', NULL, NULL, NULL, NULL, '2023-02-28 01:58:44', '2023-02-28 01:58:44'),
(8, 'abul hossain', 'alhossain.a92@gmail.com', NULL, 'eyJpdiI6IkdQdGlqK2NaMEdWUEdDMXdiMHdybFE9PSIsInZhbHVlIjoiSGRHV0JidVhHNTRNRWdnVGtwSjFXREJLSDRRdG82TldQMWdzSStFVlZaaz0iLCJtYWMiOiI3YzE0N2FjNDA4Mjc3Y2NjNTE1MTcyMDA5NTEwY2MzMWNjNTk0YTQxNTgzZWZkMjhiNjViYmRkODc3NTBkZGMwIiwidGFnIjoiIn0=', '101157404758059304196', NULL, NULL, NULL, '2023-02-28 08:13:30', '2023-02-28 08:13:30'),
(9, 'Sohel Rana', 'sohelranasr3bd@gmail.com', NULL, 'eyJpdiI6InAxam11d3lKQkJCcEVxemR4aXBwUkE9PSIsInZhbHVlIjoic283L0pta1ZjYmlGVjVBeHdLNURXK0VIdEdzdlUxVCtybXgzOW9zTHFBQT0iLCJtYWMiOiI1YjdhNDIzMzcyODIwNTEyNmM4YjgyMzdkM2Y5ZjUwYjQyMzEzOWUyYjY3ZWJlYTI1MWI4N2JiNGNkOTEzYWM3IiwidGFnIjoiIn0=', '105749734604298181375', NULL, NULL, NULL, '2023-02-28 08:58:19', '2023-02-28 08:58:19'),
(10, 'Asaduzzaman Maruf', 'asadmaruf3720@gmail.com', NULL, 'eyJpdiI6ImNJYjJKUVRXbXlQVmVoYVI1TVZpN2c9PSIsInZhbHVlIjoibW5wUE1vT2hDQUpjTGtoV29rUGk4Qzh4ZXk4UDlMM1hHNXN0TEI5Vy9FMD0iLCJtYWMiOiJmYzFlMmNkNDEwYTAwNGEwNjU3Y2E1MDk0ZWU1ZjQzNTA5MjgzN2YxMTMyMWFhZWUxNDE5NDQyZTdkNGNkZGQyIiwidGFnIjoiIn0=', '106959034942580156837', NULL, NULL, NULL, '2023-02-28 09:08:31', '2023-02-28 09:08:31');

-- --------------------------------------------------------

--
-- Table structure for table `wishlists`
--

CREATE TABLE `wishlists` (
  `id` bigint(20) UNSIGNED NOT NULL,
  `user_id` int(11) NOT NULL,
  `product_id` int(11) NOT NULL,
  `created_at` timestamp NULL DEFAULT NULL,
  `updated_at` timestamp NULL DEFAULT NULL
) ENGINE=InnoDB DEFAULT CHARSET=utf8mb4 COLLATE=utf8mb4_unicode_ci;

--
-- Dumping data for table `wishlists`
--

INSERT INTO `wishlists` (`id`, `user_id`, `product_id`, `created_at`, `updated_at`) VALUES
(1, 7, 25, NULL, NULL),
(2, 7, 27, NULL, NULL);

--
-- Indexes for dumped tables
--

--
-- Indexes for table `admins`
--
ALTER TABLE `admins`
  ADD PRIMARY KEY (`id`),
  ADD UNIQUE KEY `admins_email_unique` (`email`);

--
-- Indexes for table `areas`
--
ALTER TABLE `areas`
  ADD PRIMARY KEY (`id`);

--
-- Indexes for table `brands`
--
ALTER TABLE `brands`
  ADD PRIMARY KEY (`id`);

--
-- Indexes for table `categories`
--
ALTER TABLE `categories`
  ADD PRIMARY KEY (`id`);

--
-- Indexes for table `contacts`
--
ALTER TABLE `contacts`
  ADD PRIMARY KEY (`id`);

--
-- Indexes for table `coupons`
--
ALTER TABLE `coupons`
  ADD PRIMARY KEY (`id`);

--
-- Indexes for table `districts`
--
ALTER TABLE `districts`
  ADD PRIMARY KEY (`id`);

--
-- Indexes for table `divisions`
--
ALTER TABLE `divisions`
  ADD PRIMARY KEY (`id`);

--
-- Indexes for table `failed_jobs`
--
ALTER TABLE `failed_jobs`
  ADD PRIMARY KEY (`id`),
  ADD UNIQUE KEY `failed_jobs_uuid_unique` (`uuid`);

--
-- Indexes for table `files`
--
ALTER TABLE `files`
  ADD PRIMARY KEY (`id`);

--
-- Indexes for table `migrations`
--
ALTER TABLE `migrations`
  ADD PRIMARY KEY (`id`);

--
-- Indexes for table `newsletters`
--
ALTER TABLE `newsletters`
  ADD PRIMARY KEY (`id`);

--
-- Indexes for table `orders`
--
ALTER TABLE `orders`
  ADD PRIMARY KEY (`id`);

--
-- Indexes for table `order_details`
--
ALTER TABLE `order_details`
  ADD PRIMARY KEY (`id`);

--
-- Indexes for table `password_resets`
--
ALTER TABLE `password_resets`
  ADD KEY `password_resets_email_index` (`email`);

--
-- Indexes for table `personal_access_tokens`
--
ALTER TABLE `personal_access_tokens`
  ADD PRIMARY KEY (`id`),
  ADD UNIQUE KEY `personal_access_tokens_token_unique` (`token`),
  ADD KEY `personal_access_tokens_tokenable_type_tokenable_id_index` (`tokenable_type`,`tokenable_id`);

--
-- Indexes for table `posts`
--
ALTER TABLE `posts`
  ADD PRIMARY KEY (`id`);

--
-- Indexes for table `post_categories`
--
ALTER TABLE `post_categories`
  ADD PRIMARY KEY (`id`);

--
-- Indexes for table `products`
--
ALTER TABLE `products`
  ADD PRIMARY KEY (`id`),
  ADD KEY `products_file_id_foreign` (`file_id`);

--
-- Indexes for table `seos`
--
ALTER TABLE `seos`
  ADD PRIMARY KEY (`id`);

--
-- Indexes for table `settings`
--
ALTER TABLE `settings`
  ADD PRIMARY KEY (`id`);

--
-- Indexes for table `shippings`
--
ALTER TABLE `shippings`
  ADD PRIMARY KEY (`id`);

--
-- Indexes for table `sites`
--
ALTER TABLE `sites`
  ADD PRIMARY KEY (`id`);

--
-- Indexes for table `sub_categories`
--
ALTER TABLE `sub_categories`
  ADD PRIMARY KEY (`id`),
  ADD KEY `sub_categories_category_id_foreign` (`category_id`);

--
-- Indexes for table `users`
--
ALTER TABLE `users`
  ADD PRIMARY KEY (`id`),
  ADD UNIQUE KEY `users_email_unique` (`email`);

--
-- Indexes for table `wishlists`
--
ALTER TABLE `wishlists`
  ADD PRIMARY KEY (`id`);

--
-- AUTO_INCREMENT for dumped tables
--

--
-- AUTO_INCREMENT for table `admins`
--
ALTER TABLE `admins`
  MODIFY `id` bigint(20) UNSIGNED NOT NULL AUTO_INCREMENT, AUTO_INCREMENT=2;

--
-- AUTO_INCREMENT for table `areas`
--
ALTER TABLE `areas`
  MODIFY `id` bigint(20) UNSIGNED NOT NULL AUTO_INCREMENT, AUTO_INCREMENT=392;

--
-- AUTO_INCREMENT for table `brands`
--
ALTER TABLE `brands`
  MODIFY `id` bigint(20) UNSIGNED NOT NULL AUTO_INCREMENT, AUTO_INCREMENT=3;

--
-- AUTO_INCREMENT for table `categories`
--
ALTER TABLE `categories`
  MODIFY `id` bigint(20) UNSIGNED NOT NULL AUTO_INCREMENT, AUTO_INCREMENT=7;

--
-- AUTO_INCREMENT for table `contacts`
--
ALTER TABLE `contacts`
  MODIFY `id` bigint(20) UNSIGNED NOT NULL AUTO_INCREMENT;

--
-- AUTO_INCREMENT for table `coupons`
--
ALTER TABLE `coupons`
  MODIFY `id` bigint(20) UNSIGNED NOT NULL AUTO_INCREMENT;

--
-- AUTO_INCREMENT for table `districts`
--
ALTER TABLE `districts`
  MODIFY `id` bigint(20) UNSIGNED NOT NULL AUTO_INCREMENT, AUTO_INCREMENT=73;

--
-- AUTO_INCREMENT for table `divisions`
--
ALTER TABLE `divisions`
  MODIFY `id` bigint(20) UNSIGNED NOT NULL AUTO_INCREMENT, AUTO_INCREMENT=13;

--
-- AUTO_INCREMENT for table `failed_jobs`
--
ALTER TABLE `failed_jobs`
  MODIFY `id` bigint(20) UNSIGNED NOT NULL AUTO_INCREMENT;

--
-- AUTO_INCREMENT for table `files`
--
ALTER TABLE `files`
  MODIFY `id` bigint(20) UNSIGNED NOT NULL AUTO_INCREMENT, AUTO_INCREMENT=157;

--
-- AUTO_INCREMENT for table `migrations`
--
ALTER TABLE `migrations`
  MODIFY `id` int(10) UNSIGNED NOT NULL AUTO_INCREMENT, AUTO_INCREMENT=26;

--
-- AUTO_INCREMENT for table `newsletters`
--
ALTER TABLE `newsletters`
  MODIFY `id` bigint(20) UNSIGNED NOT NULL AUTO_INCREMENT;

--
-- AUTO_INCREMENT for table `orders`
--
ALTER TABLE `orders`
  MODIFY `id` bigint(20) UNSIGNED NOT NULL AUTO_INCREMENT, AUTO_INCREMENT=4;

--
-- AUTO_INCREMENT for table `order_details`
--
ALTER TABLE `order_details`
  MODIFY `id` bigint(20) UNSIGNED NOT NULL AUTO_INCREMENT, AUTO_INCREMENT=5;

--
-- AUTO_INCREMENT for table `personal_access_tokens`
--
ALTER TABLE `personal_access_tokens`
  MODIFY `id` bigint(20) UNSIGNED NOT NULL AUTO_INCREMENT;

--
-- AUTO_INCREMENT for table `posts`
--
ALTER TABLE `posts`
  MODIFY `id` bigint(20) UNSIGNED NOT NULL AUTO_INCREMENT;

--
-- AUTO_INCREMENT for table `post_categories`
--
ALTER TABLE `post_categories`
  MODIFY `id` bigint(20) UNSIGNED NOT NULL AUTO_INCREMENT;

--
-- AUTO_INCREMENT for table `products`
--
ALTER TABLE `products`
  MODIFY `id` bigint(20) UNSIGNED NOT NULL AUTO_INCREMENT, AUTO_INCREMENT=39;

--
-- AUTO_INCREMENT for table `seos`
--
ALTER TABLE `seos`
  MODIFY `id` bigint(20) UNSIGNED NOT NULL AUTO_INCREMENT;

--
-- AUTO_INCREMENT for table `settings`
--
ALTER TABLE `settings`
  MODIFY `id` bigint(20) UNSIGNED NOT NULL AUTO_INCREMENT;

--
-- AUTO_INCREMENT for table `shippings`
--
ALTER TABLE `shippings`
  MODIFY `id` bigint(20) UNSIGNED NOT NULL AUTO_INCREMENT, AUTO_INCREMENT=4;

--
-- AUTO_INCREMENT for table `sites`
--
ALTER TABLE `sites`
  MODIFY `id` bigint(20) UNSIGNED NOT NULL AUTO_INCREMENT;

--
-- AUTO_INCREMENT for table `sub_categories`
--
ALTER TABLE `sub_categories`
  MODIFY `id` bigint(20) UNSIGNED NOT NULL AUTO_INCREMENT, AUTO_INCREMENT=9;

--
-- AUTO_INCREMENT for table `users`
--
ALTER TABLE `users`
  MODIFY `id` bigint(20) UNSIGNED NOT NULL AUTO_INCREMENT, AUTO_INCREMENT=11;

--
-- AUTO_INCREMENT for table `wishlists`
--
ALTER TABLE `wishlists`
  MODIFY `id` bigint(20) UNSIGNED NOT NULL AUTO_INCREMENT, AUTO_INCREMENT=3;

--
-- Constraints for dumped tables
--

--
-- Constraints for table `products`
--
ALTER TABLE `products`
  ADD CONSTRAINT `products_file_id_foreign` FOREIGN KEY (`file_id`) REFERENCES `files` (`id`) ON DELETE CASCADE;

--
-- Constraints for table `sub_categories`
--
ALTER TABLE `sub_categories`
  ADD CONSTRAINT `sub_categories_category_id_foreign` FOREIGN KEY (`category_id`) REFERENCES `categories` (`id`) ON DELETE CASCADE;
COMMIT;

/*!40101 SET CHARACTER_SET_CLIENT=@OLD_CHARACTER_SET_CLIENT */;
/*!40101 SET CHARACTER_SET_RESULTS=@OLD_CHARACTER_SET_RESULTS */;
/*!40101 SET COLLATION_CONNECTION=@OLD_COLLATION_CONNECTION */;
